epoch,nb,kl,l1,ent,qc,tc
0,5212.60916015625,0.00010012670652940869,0.014761696644127369,0.02225893348455429,0.00018896855297498405,0.00014407739174203017
1,3826.093955078125,0.0006939907162450254,0.01484560627490282,0.022257040739059448,0.00018869885127060116,4.26054486160865e-05
2,2704.92611328125,0.0021994860377162694,0.014935833625495434,0.02225467599928379,0.0001884866348700598,4.2088793343282304e-05
3,2336.536376953125,0.004179986277595162,0.014965101517736912,0.02225285016000271,0.00018834252085071058,5.9936171892331915e-05
4,2284.827177734375,0.006078658550977707,0.014950027167797088,0.02225233435630798,0.0001883065333822742,6.88340951455757e-05
5,2267.723642578125,0.007863102313131094,0.014930456280708312,0.022252176105976105,0.00018827385792974383,7.584202932775952e-05
6,2265.68140625,0.009603093899786473,0.014913604147732257,0.02225191056728363,0.00018824915518052875,8.224898265325464e-05
7,2255.539765625,0.011262299753725528,0.014903842248022556,0.022251281812787058,0.00018822963233105838,0.00016791232745163142
8,2250.38455078125,0.012948923259973526,0.014897545129060745,0.022250062376260756,0.0001881985703948885,0.0004843596019782126
9,2246.263046875,0.014633451662957668,0.014895218648016453,0.022248492240905762,0.00018816221388988198,0.0010847195610404015
10,2232.0103662109377,0.016359464153647422,0.014896462261676789,0.022246040925383567,0.0001881185406818986,0.0022839380428195
11,2225.24216796875,0.018058017194271088,0.014900095760822296,0.022243532538414,0.0001880695967702195,0.0034686239995062353
12,2212.109150390625,0.01970671772956848,0.01490368489176035,0.022240997180342673,0.00018801633676048367,0.004319859659299255
13,2202.814697265625,0.02152928799390793,0.0149071404337883,0.022238382324576377,0.00018795113486703486,0.00503822355531156
14,2198.49560546875,0.023247703909873962,0.014911023043096066,0.02223563350737095,0.00018788951972965152,0.00553160535171628
15,2188.3776953125,0.025084105879068376,0.014913986958563328,0.022232484146952627,0.00018781323451548814,0.005901158768683672
16,2180.124990234375,0.02691145971417427,0.014914382472634316,0.02222990021109581,0.00018775494245346636,0.006497291885316372
17,2174.0920458984374,0.028896183222532273,0.014913897253572941,0.02222762867808342,0.00018770791706629097,0.006415644176304341
18,2172.2315478515625,0.030724804475903512,0.014912912249565124,0.02222565270960331,0.00018766134569887072,0.007042781710624695
19,2166.6125146484374,0.03261268809437752,0.014912899658083916,0.022223540246486664,0.0001876124826958403,0.007379781305789947
20,2164.076337890625,0.0345274168252945,0.014912880398333073,0.022221772149205208,0.00018756923964247108,0.007384804449975491
21,2157.820927734375,0.03644583746790886,0.014913173764944077,0.022220223546028137,0.0001875390292843804,0.007628207001835108
22,2155.4313525390626,0.03831444904208183,0.01491398449987173,0.022218778878450394,0.00018750637711491435,0.007566563859581947
23,2151.3082177734377,0.040254415720701216,0.014916881732642651,0.02221696637570858,0.0001874602382304147,0.007567097004503012
24,2145.9989453125,0.04234380379319191,0.01491942822933197,0.022215194925665857,0.0001874289265833795,0.007536913752555847
25,2139.1989306640626,0.04426050752401352,0.014921989515423775,0.022213720083236695,0.00018739634833764285,0.007540205083787441
26,2140.636728515625,0.04611543089151383,0.014924628585577011,0.022212457433342932,0.0001873700728174299,0.007610515933483839
27,2138.1983349609377,0.04802968233823776,0.014928869791328908,0.022211119532585144,0.0001873427297687158,0.007568180616945028
28,2137.76927734375,0.04994171679019928,0.014933818764984608,0.022209581956267356,0.00018731470277998596,0.007567379418760538
29,2133.268583984375,0.051925200521945956,0.014939645119011403,0.02220798805356026,0.00018728557450231164,0.007609029356390237
30,2129.4227197265627,0.05386120691895485,0.014946347586810588,0.022206023931503296,0.00018725262954831124,0.00761530825868249
31,2125.10208984375,0.05576688513159752,0.014951967485249042,0.02220444716513157,0.0001872305996948853,0.007630666177719831
32,2119.4903466796877,0.05770451486110687,0.014956146478652954,0.022203306555747985,0.0001872123870998621,0.007565729971975088
33,2117.7936474609373,0.05969871297478676,0.014961359836161137,0.02220206379890442,0.00018719642073847354,0.007645975332707167
34,2116.0182958984374,0.06162261575460434,0.014966188855469227,0.022200804948806763,0.00018718034320045263,0.007543175220489502
35,2118.9316552734376,0.06351905345916747,0.014971391037106515,0.02219946950674057,0.00018716781225521116,0.007683361433446407
36,2113.5119140625,0.0654793906211853,0.014976641349494457,0.022198130413889884,0.00018715017242357135,0.007536488492041827
37,2112.7237646484373,0.067490174472332,0.014982098340988159,0.022196708023548128,0.00018713689118158073,0.007422919943928718
38,2110.0751513671876,0.06935819745063782,0.014989065304398537,0.022195086404681205,0.0001871190994279459,0.007490708548575639
39,2107.2255908203124,0.07129524260759354,0.01499598927795887,0.022193486765027047,0.00018710688687860965,0.007510703410953283
40,2105.6153857421873,0.07318916767835618,0.015002293288707733,0.022192119061946868,0.00018708812131080778,0.007413347084075213
41,2100.6506884765627,0.07523714572191238,0.015007599070668221,0.022190812155604363,0.00018707476381678135,0.007491808719933033
42,2104.9472265625,0.07705386281013489,0.01501337055116892,0.022189394012093543,0.0001870591874467209,0.007502856850624085
43,2102.4489013671873,0.07900799483060837,0.015019694343209267,0.022188045755028724,0.0001870437618345022,0.007417169716209173
44,2095.817998046875,0.08098884522914887,0.015025401040911674,0.02218668594956398,0.0001870259694987908,0.0073421142622828485
45,2095.9994091796875,0.08284264385700225,0.015031461380422115,0.022185206040740015,0.00018701265624258668,0.007529991883784532
46,2097.0516064453127,0.08478298574686051,0.015037814155220985,0.02218364842236042,0.0001869885774794966,0.007257692106068134
47,2095.8357080078126,0.08659084916114806,0.015044550374150277,0.02218205951154232,0.00018697540857829154,0.007418771553784609
48,2090.4024853515625,0.0884657484292984,0.015051449798047543,0.022180197462439537,0.0001869541232008487,0.007187941130250692
49,2088.274453125,0.0906704381108284,0.015061332769691944,0.022178039625287055,0.0001869281107792631,0.007051951512694359
50,2089.1894775390624,0.09266932845115662,0.015068925842642784,0.022176360115408897,0.0001869103964418173,0.007195510771125555
51,2087.15060546875,0.09444348156452179,0.015075429379940032,0.02217491149902344,0.00018689454242121428,0.007240953836590052
52,2083.0994677734375,0.09649714708328247,0.015081490464508534,0.022173293456435202,0.00018687521980609745,0.007261305842548609
53,2082.740966796875,0.0983324533700943,0.015088736489415168,0.022171848118305207,0.00018686161551158874,0.007061013653874397
54,2081.37296875,0.10043457210063934,0.015094215013086797,0.022170477882027625,0.0001868431916227564,0.007131978739053011
55,2079.5134228515626,0.10230332553386688,0.01510090433061123,0.022168984040617942,0.00018682679568883032,0.0071682710573077206
56,2079.2688134765626,0.10411592274904251,0.015107629336416722,0.02216736413538456,0.00018680790264625103,0.007054766770452261
57,2080.210517578125,0.10610883802175522,0.015116455107927322,0.022165596857666968,0.00018677761254366488,0.007139582242816686
58,2074.799384765625,0.10796379923820495,0.015125326737761497,0.022163484320044516,0.00018675805651582777,0.007049976289272309
59,2076.0005517578124,0.1099641364812851,0.01513711217790842,0.02216093860566616,0.00018673155806027354,0.0069188355468213555
60,2073.1421826171877,0.11014498114585876,0.015144471973180772,0.022159267291426657,0.00018670760036911815,0.007001629918813705
61,2075.60306640625,0.11020755112171172,0.015151338875293732,0.022157692164182664,0.00018668752862140535,0.007022120803594589
62,2069.9422705078123,0.11034320294857025,0.015157903544604778,0.02215613201260567,0.00018667148076929153,0.0069657861441373824
63,2071.809365234375,0.11048119008541107,0.015164659097790719,0.022154572978615762,0.00018664964474737644,0.0069833556190133095
64,2067.810498046875,0.11048040688037872,0.015171838589012623,0.022152834832668306,0.00018663052294868977,0.006853270474821329
65,2068.4773486328127,0.11051668643951416,0.015179837457835674,0.022150951847434045,0.00018660281202755868,0.006779212336987257
66,2063.583759765625,0.11050940662622452,0.015189858712255954,0.022148908600211143,0.00018657932581845672,0.006754184402525425
67,2064.9371728515625,0.11047647327184677,0.015199846029281617,0.022146538496017457,0.00018654574290849268,0.006738458927720785
68,2058.6736572265627,0.11044725149869919,0.015210484936833382,0.02214413657784462,0.00018652376485988497,0.006587887462228536
69,2061.035439453125,0.11058944135904313,0.015220517851412296,0.022141861096024514,0.0001864971040049568,0.00657809516415
70,2062.769501953125,0.11052184730768204,0.015231759250164033,0.022139446064829826,0.00018646812299266457,0.006576863378286362
71,2057.5351953125,0.11065380424261093,0.015240698903799057,0.02213732048869133,0.00018644513620529323,0.006512338444590569
72,2052.9286962890624,0.11076799362897873,0.015247756019234657,0.022135640904307367,0.00018642136245034636,0.006478429231792688
73,2053.3087646484373,0.11098398089408874,0.015255520306527614,0.022133868038654327,0.00018640941707417368,0.006481269150972366
74,2055.0510888671874,0.11092261135578156,0.015263203084468841,0.02213198073208332,0.00018638515437487512,0.006360301338136196
75,2051.396533203125,0.11092248976230622,0.015270600654184818,0.022129937782883646,0.00018636876659002154,0.0064138807356357574
76,2052.340458984375,0.11101852536201477,0.01528169833123684,0.022127445563673975,0.00018633485946338622,0.006335224602371454
77,2052.8443212890625,0.11109856307506562,0.015294227227568626,0.02212469883263111,0.00018629782367497684,0.006256642341613769
78,2052.500107421875,0.1111647543311119,0.01530377246439457,0.022122408747673034,0.00018627929035574197,0.006147000640630722
79,2047.8958447265625,0.11126259088516235,0.015313959047198296,0.022120099514722824,0.00018625515163876117,0.006160261463373899
80,2048.5631201171873,0.11115432649850845,0.015324976183474065,0.02211731106042862,0.00018622686504386366,0.006051732469350099
81,2047.5683544921876,0.1112465912103653,0.015337283946573734,0.02211458846926689,0.00018619765993207693,0.006032353825867176
82,2045.782861328125,0.11114748388528824,0.01534522294998169,0.02211238794028759,0.00018617338093463332,0.005946347713470459
83,2042.04279296875,0.11124559909105301,0.01535384301096201,0.022110322639346123,0.00018615610781125725,0.005884516704827547
84,2045.6484423828124,0.11111354649066925,0.015363066121935845,0.022107975408434868,0.00018613269610796124,0.005903623756021261
85,2041.670400390625,0.11114232540130616,0.015375303290784358,0.022105103582143782,0.00018610835308209062,0.005729022938758135
86,2038.4921142578125,0.11125821083784103,0.015388288497924806,0.022102025821805,0.00018608181097079068,0.005625305697321892
87,2040.315263671875,0.11115524083375931,0.015401526056230068,0.022098854035139084,0.000186047523166053,0.005662165470421314
88,2039.8129296875,0.11123485893011092,0.015414243452250958,0.02209575742483139,0.00018602364754769952,0.005493187233805656
89,2036.6246630859375,0.11116454362869263,0.015426987707614899,0.022092427089810372,0.00018600119510665537,0.005488656107336283
90,2040.4345166015626,0.11091030925512314,0.015443458333611488,0.0220884720236063,0.00018596929556224495,0.00540880236774683
91,2035.4765478515626,0.11091830015182495,0.015460684448480606,0.022084279879927636,0.0001859289815183729,0.005366986142471433
92,2034.1259033203125,0.11096816837787628,0.01547589261084795,0.022080631703138353,0.00018589975719805806,0.005322280116379261
93,2031.59216796875,0.11107712775468827,0.015488160848617554,0.022077711895108224,0.00018587346596177668,0.005134033281356096
94,2029.744111328125,0.11120505809783936,0.015497229695320129,0.022075237110257148,0.00018586205900646745,0.005190084297209978
95,2032.156259765625,0.11116889357566834,0.015506580881774425,0.022072760462760924,0.0001858383952639997,0.0050758185889571905
96,2031.3337060546876,0.11137028336524964,0.015515797585248948,0.022070242315530775,0.00018582255463115872,0.005063228700309992
97,2031.202529296875,0.1113606721162796,0.015525552742183209,0.022067760080099107,0.0001858050824375823,0.0050722271203994754
98,2030.1976123046875,0.11141660243272782,0.0155353944003582,0.022065263837575913,0.0001857835066039115,0.005006776675581932
99,2028.3755322265624,0.11142587393522263,0.01554525576531887,0.02206254906952381,0.0001857590221334249,0.004988706577569247
100,2029.448876953125,0.11142069816589356,0.015555057786405086,0.022059880197048187,0.0001857432845281437,0.004856934761628509
101,2029.7281884765625,0.11145303457975388,0.015567641481757164,0.022056631594896316,0.00018572098051663488,0.0048848637193441395
102,2023.568564453125,0.11150468558073044,0.015582532882690429,0.022052816674113275,0.00018568656814750285,0.004798717703670264
103,2027.0517236328126,0.11151642799377441,0.015594202764332295,0.02204960361123085,0.00018566233338788152,0.004778534909710288
104,2025.2036328125,0.11158872961997986,0.015605623349547387,0.022046549320220946,0.0001856399781536311,0.004744381997734308
105,2023.121181640625,0.1115596753358841,0.015618777982890606,0.022043127119541168,0.0001856103556929156,0.004665514538064599
106,2022.32408203125,0.11145252883434295,0.015636258497834205,0.022038731575012207,0.00018557814473751932,0.00452665944583714
107,2023.8094287109375,0.11150024950504303,0.015653178095817566,0.022034233361482622,0.000185551424510777,0.004536899663507938
108,2020.6876513671875,0.1116543710231781,0.015666137784719467,0.02203081175684929,0.00018551927933003755,0.004515659501776099
109,2020.363037109375,0.11163316071033477,0.015677674934268,0.022027856782078744,0.00018549925240222365,0.0043946772813796995
110,2017.9700244140624,0.11165269523859024,0.01569071941077709,0.022024460062384607,0.00018546877603512258,0.0043643949460238215
111,2024.2488330078124,0.1116716942191124,0.015702740475535392,0.02202132523059845,0.00018544155464041978,0.004364974927157163
112,2019.6287060546874,0.11168396443128586,0.015714197903871536,0.022018266916275023,0.00018541571160312742,0.004349128380417824
113,2016.8603955078124,0.11174065768718719,0.015725955814123154,0.022015188261866568,0.0001853924780152738,0.004312626719474792
114,2015.426259765625,0.11184403777122498,0.015739112347364425,0.02201132893562317,0.00018536380666773767,0.00422791506163776
115,2015.1693017578125,0.1118468913435936,0.01575508765876293,0.02200732260942459,0.00018532588030211627,0.004160912670195103
116,2014.5503369140624,0.11207177013158798,0.015770114958286285,0.022003404647111893,0.00018529579334426673,0.004167130310088396
117,2015.4715234375,0.11209015846252442,0.015783122479915618,0.0219998449832201,0.0001852691057138145,0.004150927281007171
118,2013.5607568359376,0.11210739463567734,0.015795747637748717,0.021996419131755828,0.0001852462359238416,0.0042005725763738155
119,2013.91021484375,0.112143834233284,0.015810142010450362,0.021992481350898742,0.0001852135988883674,0.004073531264439225
120,2012.38560546875,0.11214341104030609,0.015825509428977966,0.02198843754827976,0.00018517823365982622,0.003999069146811962
121,2012.3505322265626,0.11214652687311172,0.01584069848060608,0.021984274983406066,0.00018514922179747374,0.003987656086683273
122,2011.5267919921876,0.11227633774280549,0.01585608594119549,0.021980259492993356,0.00018511528382077812,0.003969569792971015
123,2009.3318896484375,0.11248333632946014,0.015869605988264084,0.021976726204156874,0.0001850927883060649,0.0038906409963965416
124,2008.2477392578126,0.11240131556987762,0.015883552879095077,0.021973033249378205,0.00018505768675822765,0.0038696419168263675
125,2008.8588037109375,0.11255420804023743,0.01589341104030609,0.02197012856602669,0.00018503902829252182,0.0038255299627780914
126,2010.149638671875,0.11266122937202454,0.015900473818182947,0.0219681067019701,0.0001850228162948042,0.0038716738857328893
127,2007.4146240234375,0.11280494183301926,0.015907447040081023,0.021965992748737336,0.00018500253558158874,0.003776124669238925
128,2008.5609814453126,0.11278582721948624,0.015914810597896577,0.021964019164443016,0.00018499130208510906,0.003833826957270503
129,2004.6535546875,0.11281020134687424,0.01592190407216549,0.021962016224861144,0.00018497373792342842,0.0037533413525670765
130,2006.5703662109374,0.11289108455181122,0.015928688049316405,0.021959963813424112,0.00018495850614272058,0.0037521167565137147
131,2007.506982421875,0.11299005329608917,0.015935913547873496,0.02195774979889393,0.00018494077841751277,0.0037271134182810784
132,2007.738583984375,0.1129859846830368,0.01594306968152523,0.021955632716417314,0.00018492490926291794,0.0037259334232658146
133,2005.7130517578125,0.11295773684978486,0.015950435400009157,0.021953369975090026,0.0001849073334597051,0.0036777061689645054
134,2002.05271484375,0.11298153728246689,0.015958794578909873,0.02195106856524944,0.00018488180998247117,0.003625862840563059
135,2005.595732421875,0.11294859170913696,0.01596794940531254,0.02194841578602791,0.00018486358399968594,0.0035686772409826515
136,2004.0325146484374,0.11294659584760666,0.015980578809976578,0.021945158392190932,0.00018483785504940897,0.003577929763123393
137,2001.130859375,0.11295061856508255,0.01598829999566078,0.021942763403058053,0.00018481829029042273,0.003525633765384555
138,2006.6300634765626,0.11301727771759033,0.015996864438056944,0.021940589994192124,0.00018480168597307056,0.0035929749067872764
139,2003.88396484375,0.11314342498779296,0.016003731861710547,0.02193837843835354,0.00018478453333955257,0.0035561185609549284
140,2003.630986328125,0.11321116268634795,0.016012454703450203,0.02193621754646301,0.0001847626722883433,0.003501023417338729
141,2003.625380859375,0.11325908899307251,0.016019900366663932,0.021933881863951683,0.00018474670418072492,0.0034808223322033882
142,2001.685693359375,0.11317295968532562,0.016027590930461882,0.021931658163666726,0.00018473141535650938,0.0034866237826645372
143,2001.2502587890624,0.11325562983751297,0.01603593960404396,0.02192953921854496,0.000184711892507039,0.003451333437114954
144,2002.48689453125,0.11325178563594818,0.01604406788945198,0.021927133798599244,0.00018469725968316196,0.003438877807930112
145,2000.518515625,0.11336941868066788,0.016052818521857262,0.021924703866243362,0.0001846766285598278,0.0034035507589578627
146,2000.6253369140625,0.11346220940351487,0.016062817350029946,0.021922000870108604,0.00018465431057848036,0.0033253025356680156
147,2003.4794140625,0.11334912061691284,0.01607432760298252,0.02191869042813778,0.00018463497748598455,0.003276338018476963
148,2001.668525390625,0.11334067583084106,0.016087344884872436,0.02191513203084469,0.00018460972525645048,0.003273307103663683
149,2000.267607421875,0.11316938251256943,0.016099862456321716,0.021911842972040175,0.00018457975937053562,0.003201104560866952
150,1999.4849658203125,0.11325754821300507,0.016109703853726388,0.021909243315458297,0.00018455721263308078,0.0032436848618090154
151,1996.36171875,0.11329765588045121,0.016117928996682167,0.02190685421228409,0.00018454150937031956,0.0032012475188821555
152,1997.55732421875,0.11331330090761185,0.01612561769783497,0.021904680728912353,0.0001845215872162953,0.003196805492043495
153,1998.6261669921876,0.11336155265569686,0.016133324280381202,0.021902587190270426,0.0001845085620880127,0.0031805493123829363
154,1996.025185546875,0.11344813525676728,0.01614039845764637,0.02190039709210396,0.00018448644725140183,0.00315554310567677
155,2001.3238232421875,0.11348398804664611,0.01614825926721096,0.021898182481527327,0.0001844694308238104,0.0031450026389211417
156,1997.43052734375,0.11348072797060013,0.016156336665153502,0.021896018981933593,0.0001844500593142584,0.0030922501534223555
157,1998.1739599609375,0.11354794770479203,0.016163751110434534,0.021893895268440246,0.000184435453847982,0.00305809523910284
158,1994.0287646484376,0.11340370625257493,0.01617182344198227,0.02189164750277996,0.00018440985586494208,0.0030122694466263055
159,1996.83189453125,0.1135190925002098,0.01618106000125408,0.021888887137174608,0.00018439424515236168,0.0030708027351647616
160,1995.0120947265625,0.1135138612985611,0.01619286522269249,0.021886209920048715,0.00018436729384120555,0.0029655977431684733
161,1995.39072265625,0.1134189385175705,0.016205017939209938,0.021883035376667977,0.0001843434595502913,0.0029915644973516464
162,1994.3214453125,0.11352350771427154,0.016215877160429954,0.021880031302571296,0.00018432335869874805,0.0029155042115598918
163,1995.4816552734376,0.11347717225551605,0.01622440479695797,0.021877762004733084,0.0001842991990270093,0.0028801747038960457
164,1992.6532958984376,0.11346464067697525,0.01623228318989277,0.021875625252723695,0.00018428020295687019,0.0029292597994208334
165,1995.15451171875,0.11357947647571563,0.016241516694426538,0.021873098015785217,0.00018426228663884103,0.002937050750479102
166,1993.3181884765625,0.11350910335779191,0.016250131502747536,0.021870808079838752,0.0001842434861464426,0.0029099010955542324
167,1994.6305810546876,0.11346025049686431,0.016260218396782874,0.02186815530061722,0.00018421298475004733,0.0028504426125437023
168,1990.34849609375,0.11346981823444366,0.016271756663918495,0.02186508685350418,0.00018418720050249247,0.0028475000523030757
169,1991.9551611328125,0.11360654324293136,0.016280341148376464,0.021862626522779465,0.0001841625210363418,0.0028074655868113043
170,1993.630546875,0.11361320674419403,0.016288342624902724,0.021860399693250657,0.00018414338177535683,0.0027951999846845864
171,1991.8220556640624,0.11357800066471099,0.01629479110240936,0.021858624741435052,0.00018412101082503795,0.002831353293731809
172,1993.9346142578124,0.11356755197048188,0.01630146898329258,0.02185659535229206,0.00018410430115181953,0.0028164109867066145
173,1992.6030615234374,0.11364614099264145,0.016307693421840668,0.021854702308773996,0.00018408495117910206,0.002790472963824868
174,1992.2892578125,0.11366141885519028,0.016313812136650084,0.021852947622537613,0.0001840704574715346,0.0027776670223101972
175,1989.625205078125,0.11370627015829086,0.016320791244506836,0.021850961297750472,0.0001840472099138424,0.002776124831289053
176,1989.2544189453124,0.11378897786140442,0.016329119130969048,0.021848690435290335,0.00018402302404865622,0.0027628914266824723
177,1991.21201171875,0.11380513459444046,0.016336184218525885,0.021846483647823333,0.00018400269851554185,0.0027150698797777295
178,1991.4162109375,0.11383134812116623,0.01634339950978756,0.02184458412230015,0.00018398950633127242,0.002707178331911564
179,1991.663212890625,0.11383114576339722,0.016350541934370993,0.0218426413834095,0.00018397244450170546,0.0027073711808770894
180,1990.096083984375,0.11373932033777237,0.016356805860996245,0.021840782761573793,0.00018395104096271097,0.002688119662925601
181,1991.762373046875,0.11381166309118271,0.016363212019205094,0.021838910281658172,0.00018393453559838234,0.002716799224726856
182,1989.6430859375,0.11377609580755234,0.016370182931423186,0.021836931705474853,0.00018391313904430717,0.00262636492960155
183,1991.8543017578124,0.11384699583053588,0.016376716047525407,0.021834973096847534,0.00018388982920441776,0.002711094571277499
184,1988.06650390625,0.11389334619045258,0.01638398163020611,0.021833084225654602,0.00018387166259344666,0.002642323924228549
185,1988.3061181640626,0.11377782464027404,0.016392132043838503,0.02183076597750187,0.00018384899478405715,0.002629634328186512
186,1988.0121728515626,0.11399131178855897,0.016401147544384,0.02182846836745739,0.00018381990841589868,0.0026634774077683686
187,1987.8261279296876,0.11374421387910844,0.016407768726348877,0.02182645760476589,0.0001838092936668545,0.002579205729998648
188,1991.01201171875,0.11401644736528396,0.016414466351270675,0.021824801713228224,0.0001837884960696101,0.0026216868497431277
189,1990.878515625,0.11384707361459732,0.016421341747045518,0.021823154911398888,0.00018377304717432708,0.0025910582998767496
190,1986.1166748046876,0.11381459951400758,0.01642819955945015,0.02182117849588394,0.00018375069252215325,0.0025588770490139723
191,1986.911416015625,0.11383209377527237,0.016435963660478593,0.02181905448436737,0.00018373116734437644,0.0025574073288589716
192,1988.9507666015625,0.11375168114900588,0.01644327089190483,0.021816994175314904,0.00018371587444562465,0.002560691279359162
193,1985.91837890625,0.11385997235774994,0.016452842354774476,0.02181458055973053,0.00018368738645222038,0.0025328250881284475
194,1988.1851123046874,0.11391748815774917,0.016464057713747024,0.021811488941311838,0.0001836639124667272,0.002522854567505419
195,1986.849365234375,0.1136767539381981,0.016472772657871247,0.02180907130241394,0.0001836297771660611,0.0025331365084275605
196,1988.587880859375,0.11382566601037979,0.016482396349310875,0.021806465685367583,0.00018360378744546323,0.0025226960331201555
197,1986.4566064453124,0.11369166940450669,0.016491306722164156,0.02180397689342499,0.00018358190020080655,0.002457586470991373
198,1984.6538720703124,0.11374837458133698,0.016499181613326072,0.021801663935184477,0.00018355903797782956,0.0025303174508735536
199,1985.5596337890624,0.11376453369855881,0.01650901049375534,0.021799246370792388,0.00018353304418269545,0.0024579569324851037
200,1984.43380859375,0.11364159852266312,0.01651658982038498,0.021797050088644028,0.00018351608363445849,0.002469756193459034
201,1986.200712890625,0.11391539961099624,0.016526622772216795,0.02179434970021248,0.0001834820007206872,0.0024386102380231024
202,1985.1168603515625,0.113852219581604,0.01653318651020527,0.02179241508245468,0.0001834629848599434,0.002451495542190969
203,1981.7312158203124,0.11373467206954956,0.016538933962583543,0.021790907755494117,0.00018344340031035245,0.002402882077731192
204,1985.4193359375,0.11371079921722411,0.01654446355998516,0.021789321303367616,0.0001834249624516815,0.0024321881262585523
205,1985.417099609375,0.11376569718122483,0.0165508846193552,0.02178752802312374,0.0001834079105174169,0.0024481038097292187
206,1985.641796875,0.11373988687992095,0.016557863503694533,0.021785712242126463,0.00018338956637308,0.0023995955195277928
207,1983.7234326171874,0.11368590623140334,0.016564085707068445,0.02178391993045807,0.00018337100278586148,0.0024187292531132696
208,1987.1428466796874,0.11375929504632949,0.016571329310536384,0.021781797260046004,0.00018334302701987327,0.002381497826427221
209,1982.3533544921875,0.11367426842451095,0.016580463945865632,0.021779495775699615,0.00018331916420720516,0.0023580121295526625
210,1984.7093896484375,0.1137295326590538,0.01658909559249878,0.021776947751641275,0.0001832868141354993,0.0023477255925536157
211,1981.858359375,0.11359493225812912,0.01659746192395687,0.021774609312415122,0.00018325734476093203,0.0023213085578754544
212,1979.5795556640626,0.11386079341173172,0.01660249412059784,0.02177295759320259,0.00018323866999708115,0.0023336854577064516
213,1981.175849609375,0.11371613532304764,0.016607485488057138,0.021771392300724984,0.00018322127929423004,0.00235148074105382
214,1983.0601171875,0.11376068592071534,0.016612079590559006,0.021769886016845704,0.00018320261384360492,0.002337906458415091
215,1980.37177734375,0.11375288426876068,0.016616666242480278,0.021768451556563376,0.000183186738868244,0.0023404531041160224
216,1981.556484375,0.1137235102057457,0.016622152253985403,0.021766858547925948,0.0001831676944857463,0.002329858080483973
217,1980.5352587890625,0.11372211098670959,0.016627046391367913,0.021765362173318863,0.00018314523273147643,0.0023309702984988688
218,1982.61236328125,0.11378918141126633,0.016631700843572617,0.021763868033885955,0.00018313289736397566,0.002366632460616529
219,1980.411123046875,0.1138198122382164,0.016636804193258286,0.0217623907327652,0.00018311067193280906,0.0023302732082083823
220,1983.3186279296874,0.11386852920055389,0.0166416122764349,0.02176077388226986,0.00018309656239580364,0.0023452277248725297
221,1984.8021240234375,0.11382183492183685,0.016646224036812783,0.02175952598452568,0.00018307448364794255,0.002341369232162833
222,1984.9452783203126,0.11379985451698303,0.016651550233364107,0.021757747679948806,0.00018305130070075392,0.0022650148812681436
223,1979.8948095703124,0.11380576193332673,0.016656397804617883,0.02175627201795578,0.000183032940258272,0.0023508420400321483
224,1981.0964453125,0.1137080043554306,0.016662776097655298,0.02175435855984688,0.00018300487310625612,0.002312578042037785
225,1980.1271484375,0.11352161526679992,0.016670390218496322,0.02175212264060974,0.00018298458133358508,0.0022576666716486215
226,1979.7748779296876,0.11371248543262481,0.01667868159711361,0.021749930530786513,0.00018296036985702814,0.0022395729972049592
227,1983.2026025390626,0.11353620857000352,0.01668580748140812,0.021747981905937196,0.00018293022236321122,0.0022801804542541505
228,1977.9997412109376,0.11341694831848144,0.016692593023180963,0.021746118888258933,0.0001829065923811868,0.002225459609180689
229,1981.07640625,0.11345831245183945,0.01669992633163929,0.021743834763765336,0.00018289096420630812,0.002251726766116917
230,1978.9047802734376,0.1134470123052597,0.0167075277864933,0.02174188442528248,0.000182867162511684,0.002195892920717597
231,1980.19046875,0.11349119812250137,0.016712878718972205,0.021740268021821975,0.000182849804405123,0.0022575444635003807
232,1978.6369482421876,0.11343131512403488,0.01671812891960144,0.021738734319806097,0.00018282808596268297,0.0022207394428551195
233,1980.283974609375,0.11342566072940827,0.01672406665980816,0.021737086325883864,0.00018280907534062862,0.0022453587502241136
234,1978.2008984375,0.11337595790624619,0.016729351207613943,0.021735542863607408,0.00018278796982485802,0.0022036986239254474
235,1978.793896484375,0.11335592061281204,0.016734795719385145,0.021733967363834383,0.0001827671128557995,0.002200407483614981
236,1978.9953271484376,0.1133574378490448,0.016740959063172342,0.02173227772116661,0.00018275188689585774,0.0021888306085020306
237,1981.405888671875,0.11326218694448471,0.01674778327345848,0.021730362698435784,0.00018272495886776597,0.002185465870425105
238,1977.8176416015624,0.11325512796640397,0.016754069104790686,0.021728532016277315,0.00018270757514983417,0.002154901917092502
239,1979.3116552734375,0.11329581290483474,0.01675965338945389,0.02172726236283779,0.0001826873025856912,0.0021783340629190208
240,1981.8916748046875,0.11329943150281906,0.016764361709356308,0.021725576668977738,0.00018267438805196433,0.0021812546253204344
241,1978.488173828125,0.11332918465137481,0.016769051998853684,0.02172409377992153,0.00018265886232256889,0.002167631899937987
242,1979.4194580078124,0.11331521064043044,0.016774357557296754,0.02172254405915737,0.00018263342615682632,0.002170201619155705
243,1977.16962890625,0.11328024655580521,0.016779870018362997,0.021720704957842826,0.0001826121169142425,0.002140218336135149
244,1976.6692626953125,0.11319415301084518,0.01678506813943386,0.0217191357165575,0.00018259296659380196,0.002135386290028691
245,1976.4558203125,0.11319159507751465,0.01679011270403862,0.021717539951205254,0.00018257407820783554,0.0021396471885964273
246,1978.77146484375,0.1131926143169403,0.016795750483870508,0.021716178208589555,0.00018255873234011234,0.002177655743435025
247,1975.38337890625,0.11315128356218337,0.01680199518799782,0.021714541912078857,0.00018253134621772915,0.0021575801353901623
248,1977.736337890625,0.11324622631072997,0.016808558776974677,0.021712630912661554,0.00018251170171424747,0.0021122721256688235
249,1978.833701171875,0.11334933012723923,0.016815568655729293,0.02171064592897892,0.00018248515028972177,0.0020620059594511986
250,1977.4300830078125,0.11308150827884673,0.016823273077607157,0.021708472147583962,0.00018246059480588883,0.0021151584247127175
251,1977.4243359375,0.11309555172920227,0.016831893399357797,0.021706446036696435,0.0001824333507101983,0.002070809891447425
252,1974.6875537109374,0.11315399378538132,0.016837876439094544,0.021704577431082724,0.00018240843142848463,0.002092507085762918
253,1976.9564990234376,0.11313083112239837,0.016842703595757486,0.021703075766563416,0.00018238936841953547,0.0021411426085978747
254,1978.9840625,0.11318466633558273,0.0168470498919487,0.021701710000634193,0.00018236983800306916,0.0020735710486769676
255,1976.3148681640625,0.11323920756578446,0.01685161203145981,0.021700176149606704,0.0001823524385690689,0.0021115672728046777
256,1975.4725830078125,0.1132797721028328,0.016856402978301047,0.02169866278767586,0.00018232951348181814,0.002097404943779111
257,1974.5322021484376,0.11328226417303085,0.016860653758049012,0.021697152256965637,0.00018231893540360033,0.0020963841630145907
258,1977.0208056640624,0.11317101538181305,0.016864849850535393,0.021695967614650726,0.0001822994410758838,0.0020997182140126826
259,1976.150791015625,0.11318225502967834,0.016870394498109818,0.021694321036338806,0.00018227944208774717,0.0020847206702455877
260,1972.5835302734374,0.11314624339342118,0.016874562799930572,0.021692781522870064,0.00018225566134788096,0.002081699576228857
261,1976.8329833984376,0.1130417999625206,0.01687904864549637,0.021691343933343887,0.00018223829567432404,0.0020843744231387974
262,1976.7806005859375,0.11318201333284378,0.016883437559008597,0.02168986551463604,0.0001822191826067865,0.002065284992568195
263,1977.0538671875,0.11313988387584686,0.016888502910733225,0.021688563898205757,0.00018219927966129035,0.0020858076913282276
264,1974.3542578125,0.11312589585781098,0.01689319372177124,0.021686980798840523,0.0001821725198533386,0.0020848119957372546
265,1977.5627685546874,0.11314723223447799,0.01689807906746864,0.021685401946306228,0.00018215585791040212,0.002090797205455601
266,1974.8743359375,0.11311299651861191,0.016903588101267814,0.021683946028351785,0.0001821407681563869,0.0020894325198605656
267,1975.4721533203126,0.11302624940872193,0.01690895788371563,0.02168248102068901,0.00018211730057373642,0.0020322220772504805
268,1977.919306640625,0.11300897657871246,0.016914797574281694,0.021680753380060196,0.00018209113099146635,0.0020608533266931774
269,1976.6321923828125,0.11290001511573791,0.01692199967801571,0.02167854443192482,0.00018206766981165856,0.0020155666442587972
270,1976.5741943359376,0.1129326531291008,0.01693035803735256,0.021676313132047653,0.00018203970335889608,0.0020080602960661055
271,1975.8941015625,0.11296430379152297,0.01693872258067131,0.02167429655790329,0.00018200585269369186,0.001981467381119728
272,1975.6698486328125,0.11280801683664322,0.016946570426225663,0.021672173589468,0.000181982233771123,0.0020194124709814786
273,1976.7965869140626,0.11278738856315612,0.016955568343400954,0.021669500172138215,0.00018194661766756325,0.001989457844756544
274,1975.2090283203124,0.11276813507080079,0.016962186321616172,0.02166742093861103,0.00018192562856711447,0.0019849539455026387
275,1974.326220703125,0.11272764950990677,0.01696766309440136,0.021666008457541467,0.00018190771050285548,0.002016735691577196
276,1974.4737548828125,0.11264612466096878,0.01697196900844574,0.021664782091975213,0.00018189217196777464,0.001993874083273113
277,1975.5588818359374,0.11262963622808457,0.016976820901036263,0.021663287878036497,0.00018187478592153637,0.0019642085023224352
278,1975.0208154296874,0.11262955754995346,0.016981511041522027,0.021661756709218025,0.00018185559601988644,0.001979139968752861
279,1973.244970703125,0.11251670986413956,0.016986243724823,0.021660220623016358,0.00018183005857281388,0.0020087275886908175
280,1971.8179541015625,0.11246720403432846,0.01699030354619026,0.02165894605219364,0.0001818187115713954,0.001993561810813844
281,1973.274833984375,0.11257320046424865,0.016995138972997665,0.021657558158040047,0.00018178999365773052,0.0019793152064085007
282,1975.193505859375,0.1125410807132721,0.01699974961578846,0.021656072586774825,0.0001817720290273428,0.0019926310703158377
283,1974.532646484375,0.1124941909313202,0.01700347751379013,0.02165481969714165,0.00018175809120293707,0.001953429221175611
284,1971.828203125,0.11243125081062316,0.01700818717479706,0.021653526276350022,0.00018174062541220337,0.0019681998854503037
285,1973.2877001953125,0.11242605626583099,0.017012343406677247,0.021652025729417802,0.00018171853269450367,0.0019588933093473314
286,1976.458388671875,0.112359579205513,0.017017024606466293,0.02165053702890873,0.00018169947899878024,0.002000052398070693
287,1973.996337890625,0.11237656861543656,0.017021858394145967,0.021649122163653375,0.00018167753471061586,0.001957407523877919
288,1976.37349609375,0.11225789487361908,0.017026095688343047,0.021647798642516137,0.00018165889428928495,0.0019962400337681175
289,1973.6694970703124,0.1123243921995163,0.01703030802309513,0.021646397784352303,0.00018164031847845764,0.0019669742556288838
290,1976.12955078125,0.11228815466165543,0.017034386321902274,0.021645226031541825,0.0001816290634451434,0.0019536544242873786
291,1972.4561083984374,0.11226343989372253,0.0170394553989172,0.02164370521903038,0.00018160897539928555,0.00192191778216511
292,1977.9585693359375,0.11228518515825271,0.017044617757201196,0.021642194911837578,0.00018157861719373614,0.0019510134682059288
293,1974.75939453125,0.1122882941365242,0.01705006293952465,0.021640674397349357,0.00018156814563553782,0.0019221627432852984
294,1972.7085546875,0.11213992774486542,0.017054367139935495,0.021639278531074523,0.00018155105877667665,0.001961844228208065
295,1971.92134765625,0.11216448903083802,0.01706028699874878,0.021637758985161782,0.00018152199045289307,0.001968458867631853
296,1970.894794921875,0.11227278470993042,0.017064910754561423,0.02163639575242996,0.00018151402880903334,0.0019524798635393381
297,1974.563046875,0.11247073888778686,0.01707082971930504,0.021634965613484384,0.0001814829371869564,0.0019275571266189218
298,1973.6518212890626,0.11221948653459549,0.0170748595893383,0.021633588373661042,0.0001814650767482817,0.0018618931574746966
299,1974.0648486328125,0.11209969460964203,0.017079704254865647,0.021631876826286315,0.00018144429894164204,0.0018722954951226711
