TF,n_genes,r2,delta_bic,coherence,r2_pct,quality
RpL6,30,-0.022461400463320125,438.8228740689756,0.7057490650233624,0.9760765550239234,0.6888651160993585
RpS10b,30,-0.06810326511804154,376.4032828781037,0.7201092453063421,0.9473684210526315,0.6822087587112714
grh,30,-0.04925490741976146,2658.189908876475,0.6828905934347845,0.9569377990430622,0.6534838214686934
ab,30,-0.09674169536824495,2279.677269573871,0.6732443564387323,0.937799043062201,0.6313679132152704
zfh1,30,0.3085519592044259,3438.9699621012396,0.6141571672877298,1.0,0.6141571672877298
mamo,30,-0.04765434758210341,1820.490054283242,0.6184113063265941,0.9617224880382775,0.5947400601514136
ovo,30,-0.16815686814018616,2956.2566877822446,0.6672336775291311,0.8899521531100478,0.5938060479445856
ct,30,0.008852142360621151,1375.62406748196,0.5863948612475162,0.9904306220095693,0.5807834271685925
RpS4,30,-0.2343948902353319,314.8666118865094,0.6884649197393763,0.8325358851674641,0.5731717513619689
CG9331,30,-0.2164121925471476,4306.640824395924,0.6550748025630566,0.861244019138756,0.564179255795934
br,30,-0.041019505334371376,318.5996938159733,0.5803570869815442,0.9665071770334929,0.5609192898099136
Tet,30,-0.0552802375579573,501.11691697923743,0.5807935337432933,0.9521531100478469,0.5530043694493558
bowl,30,-0.26235662615070376,2610.21073990908,0.6862965843464169,0.8038277511961722,0.5516642400487944
disco-r,30,-0.22339648982039484,3015.8248082380196,0.6434995970709961,0.8421052631578947,0.5418943975334704
lola,30,-0.15748744966081984,261.1151311162412,0.6024186878442903,0.8995215311004785,0.5418885804532373
disco,30,-0.2595330397824205,2797.1814555963156,0.6563284763386978,0.8133971291866029,0.5338556984573142
kay,30,0.0033022494982462014,3909.3592404373303,0.5411212383120987,0.9856459330143541,0.5333539478100111
emc,30,-0.2809104178956865,2652.8618575748606,0.6687248747866323,0.784688995215311,0.5247410500718072
E(spl)m7-HLH,30,-0.021310759213529096,4715.070637082885,0.5320336301337362,0.9808612440191388,0.5218511683129948
Myc,30,-0.15233487429587544,356.23881508224804,0.5698851865918797,0.9090909090909091,0.5180774423562543
RpL35,30,-0.35949302992354437,672.0237631902801,0.720220622570013,0.7177033492822966,0.5169047530406792
pdm3,30,-0.21837546587778367,2810.4551120292736,0.5965114777079562,0.8564593301435407,0.5108878206206898
fru,30,-0.16925296934316236,245.97972923256566,0.571668115851095,0.8851674641148325,0.5060220164232181
Rbfox1,30,-0.10524909473380162,187.10466407515923,0.5793884434912123,0.9282296650717703,0.5031296252909047
twi,30,-0.2553739619909672,4750.200204983761,0.6049317106642019,0.8229665071770335,0.49783853700594605
chinmo,30,-0.1946609537455266,388.35625872365927,0.5744232242538533,0.8660287081339713,0.4974670028227151
Mes2,30,-0.2639278683037045,3478.5069270236754,0.6210933448399022,0.7990430622009569,0.4962803281735103
nvy,30,-0.26113007075080885,5551.584667947867,0.6078445613153662,0.8086124401913876,0.49151067398228176
E(spl)m3-HLH,30,-0.12489934072182951,4870.888482285961,0.5275248979922946,0.9186602870813397,0.4846161742321558
E(spl)mbeta-HLH,30,-0.1612849279376738,4355.765076220907,0.538082278785696,0.8947368421052632,0.4814420389135175
Xrp1,30,-0.19289565571893208,3510.759067983141,0.5466362954387216,0.8708133971291866,0.47601820942510686
Lim1,30,-0.12287435072247632,2513.839379224233,0.513185495443671,0.9234449760765551,0.4738985675628158
TfAP-2,30,-0.309222978253306,4000.4638720575676,0.6234102719939433,0.7559808612440191,0.4712862343303494
dpn,30,-0.19222082945893515,3129.6005385279386,0.5371981560435135,0.8755980861244019,0.4703696773012582
bi,30,-0.12568710649506376,2603.943668366772,0.5120650681528185,0.9138755980861244,0.467963770417169
Poxm,30,-0.07418702871299221,2443.072155055279,0.49181496896851706,0.9425837320574163,0.4635767889320472
Sp1,30,-0.0320431093646365,3125.481927676512,0.4717490457317627,0.9712918660287081,0.45820601092606605
Smr,30,-0.3211957714446978,434.6271938041991,0.6036998731981464,0.7464114832535885,0.4506085177938318
Syp,30,-0.19033782961670442,669.089062643463,0.4971113199129431,0.8803827751196173,0.4376482433683327
sob,30,-0.386373740074923,3933.771356325795,0.6075795191265674,0.69377990430622,0.4215264606380491
Zasp52,30,-0.2755713641820219,3585.1910090865904,0.5260603002170252,0.7894736842105263,0.41531076332923045
Dad,30,-0.27270558838784753,1848.8261244991763,0.5215136041929177,0.7942583732057417,0.4142165468709298
Blimp-1,30,-0.3948876065592082,2497.8188343916845,0.605825279220175,0.6794258373205742,0.41161334760413804
Mef2,30,-0.39435353057986133,5401.897908863336,0.5995803733758309,0.6842105263157895,0.41023920283609483
awd,30,-0.10199821608075665,486.44965985212093,0.43762455337569567,0.9330143540669856,0.4083099899916778
klu,30,-0.43055902827706305,2884.2149983248564,0.635986128568793,0.631578947368421,0.40167544962239554
esg,30,-0.33665827440218066,3415.710437981096,0.5392556796624668,0.7416267942583732,0.3999264609936955
crol,30,-0.37286498093277554,772.7237763878893,0.5653886773007575,0.7033492822966507,0.3976657203981404
cwo,30,-0.3446329716361318,3843.928025241955,0.5428564231054339,0.7320574162679426,0.397402070503021
Hrb27C,30,-0.21911519751900332,1045.0985367031517,0.4653872256035367,0.8516746411483254,0.39635849836090686
Hr4,30,-0.2218905569310663,1248.5657432435046,0.4624623124680262,0.84688995215311,0.3916546856786633
pnt,30,-0.38914726981654457,336.72915877258674,0.55905357761649,0.6889952153110048,0.385185240080261
trx,30,-0.4276902482144773,929.3245652961068,0.5914542988696072,0.645933014354067,0.38203985812151664
l(3)neo38,30,-0.4569019047238525,2940.626829881465,0.658481722711127,0.569377990430622,0.3749250000125556
CG5953,30,-0.34845398271531125,3785.9434687274425,0.5029933161764775,0.722488038277512,0.36340665427104346
Dll,30,-0.24152234442634835,2207.988617906047,0.4358970988980465,0.8277511961722488,0.360814345020871
Ets21C,30,-0.1541052281043802,7712.731368855801,0.39724292622683843,0.9043062200956937,0.3592292490759448
jim,30,-0.432624442199536,597.9211788663288,0.5700183622565445,0.6220095693779905,0.35455687604474057
shn,30,-0.43212552425705075,2471.8357306214566,0.5603303871822964,0.6267942583732058,0.35121186947789873
luna,30,-0.44765488840887224,313.9307767270857,0.5783985654813035,0.6028708133971292,0.3486996136394462
sim,30,-0.2954844679522435,3473.4236448749243,0.44970562909626455,0.7703349282296651,0.34642395351434735
salm,30,-0.22977800316471897,3811.95224056401,0.40685121118233647,0.8373205741626795,0.34066488974597553
salr,30,-0.3006894917052134,4334.91491370418,0.43156751642316526,0.7607655502392344,0.32832169909704917
Lam,30,-0.4304974931430632,464.57635413140906,0.5051298720195414,0.6363636363636364,0.32144628219425364
cbt,30,-0.4244113452779561,5137.915517527662,0.4880356910169126,0.6555023923444976,0.3199085630110862
drm,30,-0.46364010973017655,3078.651133364354,0.5660498706102249,0.5645933014354066,0.3195879652249117
caup,30,-0.2846441297304605,2129.6130056293587,0.4067918502887288,0.7799043062200957,0.31725871577542003
Tpi,30,-0.4891466762123573,4059.6930236611242,0.6464802717700446,0.4880382775119617,0.31550711828011746
Cip4,30,-0.46743194056988036,247.18508031458805,0.5603622128008523,0.5550239234449761,0.31101443389903766
His2Av,30,-0.42819615453537296,290.3228879608005,0.48346741110848424,0.6411483253588517,0.30997432099778416
nub,30,-0.4520286915153984,2895.9910999934955,0.5288327993281433,0.583732057416268,0.30869665798102147
sd,30,-0.4486179735434619,173.36690169139183,0.5963711455013623,0.5933014354066986,0.30671019620719997
HGTX,24,-0.44783260592287566,2691.238170298424,0.48644057375752137,0.5980861244019139,0.2909333575104793
bnl,30,-0.3952905608527528,2417.834789028312,0.4307809115432022,0.6746411483253588,0.2906225288401508
Dr,8,-0.4380241613276017,476.2129106938064,0.4744983003908183,0.6124401913875598,0.2906018299044246
cad,30,-0.29604116702895933,2326.8220272913377,0.3792371704625152,0.7655502392344498,0.2903251065741743
peb,30,-0.47115018252916707,4402.887223564572,0.5353855753968563,0.5406698564593302,0.2894668422002142
fd96Cb,21,-0.4734761074784519,2976.3685790155587,0.5231019754866845,0.5358851674641149,0.2803225897344912
dl,30,-0.4684545435075993,3682.861315281277,0.5029305563131702,0.5502392344497608,0.27673212428715105
SoxN,30,-0.363136242612478,3182.1131986240716,0.38445309714030496,0.7081339712918661,0.27224429845342174
Pdi,30,-0.4878894053330598,469.3268581598031,0.5444399716717747,0.49760765550239233,0.2709174978653807
larp,30,-0.4914352055596909,738.679749110468,0.5563498854820443,0.48325358851674644,0.2688580786300789
NK7.1,30,-0.4518237369988638,1415.0409172910731,0.4520552929803312,0.5885167464114832,0.26604211022287433
CtBP,30,-0.4781872273783834,214.72365654219902,0.5053649257724182,0.5263157894736842,0.2659815398802201
jing,30,-0.4921894618548037,1559.2161372542232,0.555004337687887,0.4784688995215311,0.26555231468319956
hth,30,0.025043758713639508,106.88635195582356,0.4989534885294359,0.9952153110047847,0.2653807220666268
ara,30,-0.4151506052101315,1976.6305154900565,0.3981051020412892,0.6650717703349283,0.26476846499396745
Socs36E,30,-0.4882746208015869,473.1597999406076,0.5282304236021353,0.49282296650717705,0.2603240843589471
Moe,30,-0.4703060791516569,830.301330461959,0.4754257686178189,0.5454545454545454,0.2593231465188103
Nap1,30,-0.5360088651232069,770.5606811448542,0.6597295226000819,0.3923444976076555,0.2588412481014675
Doc2,13,-0.4860085709998325,5898.472546441949,0.5045564743962669,0.5119617224880383,0.2583136017244046
14-3-3zeta,26,-0.4650128246059546,1207.6066415971927,0.46114318679931987,0.5598086124401914,0.25815192753837524
E(spl)m8-HLH,30,-0.4539940230658157,7715.74260868918,0.42470987763245927,0.5789473684210527,0.2458846659977396
Jra,30,-0.479832244824945,6381.79647104457,0.46804713950885946,0.5215311004784688,0.24410113974385492
opa,30,-0.4820142832930656,1298.539501466279,0.47101691685834746,0.5167464114832536,0.24339630153445707
ttk,30,-0.5248502443860028,1455.3001229076235,0.5484893900751076,0.44019138755980863,0.24144030567899472
Abl,30,-0.440563001729412,145.51957593592124,0.5365831472443767,0.6076555023923444,0.23723889256586572
ato,30,-0.48625267941351,5922.199099076881,0.4672689988266501,0.507177033492823,0.23698810466806175
sima,30,-0.534611427150375,353.94405534815087,0.5923804386450156,0.39712918660287083,0.23525156175854683
gsb,13,-0.43658505542578063,3098.2812221256827,0.3807447254993258,0.6172248803827751,0.2350051176526939
zfh2,30,-0.5254995239285534,3741.598148460089,0.5418206702284886,0.430622009569378,0.23331990584001902
Hsc70-3,30,-0.4768906444017016,387.21685078090377,0.4370075395742211,0.5311004784688995,0.23209491336238539
Eno,29,-0.5521893480349982,3161.0663023319466,0.6142746039059273,0.37320574162679426,0.22925080911321688
crp,30,-0.5291105767135078,686.2267601148051,0.5420214967459431,0.42105263157894735,0.2282195775772392
sc,30,-0.5292539406061108,3196.011729327848,0.5371560432634762,0.41626794258373206,0.22360084097570546
cg,30,-0.5257797009612075,1005.6809404664546,0.5244480862949199,0.4258373205741627,0.22332956784807595
cnc,30,-0.5366973786358771,1256.6968009790926,0.574565040890351,0.3875598086124402,0.2226783172828633
ss,26,-0.4037259879149797,2847.7775835145876,0.33165094045038546,0.6698564593301436,0.22215852470360747
mid,30,-0.5521983630529139,2615.522999683577,0.5933616412167957,0.3684210526315789,0.21860692044829313
fus,30,-0.5658229906923564,2879.1878909791576,0.6073372350046031,0.3588516746411483,0.21794398385332647
Poxn,12,-0.5133281879160405,6048.926011880261,0.4813360949032578,0.44976076555023925,0.21648609053065185
brk,10,-0.5011820755942484,1245.5827410120537,0.45612996353198954,0.47368421052631576,0.21606156167304766
ftz-f1,30,-0.5116783352433554,164.05051838894542,0.5779380713176873,0.45454545454545453,0.21547963680994067
ken,30,-0.5254552014846614,5262.91142088552,0.49192497276194774,0.4354066985645933,0.21418742833175716
Dp,6,-0.5713554781011476,461.293008546485,0.6216063307730101,0.3349282296650718,0.20819350791440527
yps,8,-0.5675157689778154,2330.7743052782826,0.5761156006624771,0.3492822966507177,0.20122698013569776
nej,30,-0.5684864895639408,364.26263225936054,0.5891158731984447,0.3397129186602871,0.20013027271334724
14-3-3epsilon,30,-0.2562637053396417,96.23432588324795,0.49411255728516396,0.8181818181818182,0.1945251362486679
Ran,30,-0.5447617074124496,431.7489602955329,0.48994220735120536,0.3827751196172249,0.18753768702438484
eEF1delta,30,-0.5316418443977668,428.69010004495885,0.460974959330983,0.40669856459330145,0.18747785427336633
tup,30,-0.5186279648805985,3430.9768600563793,0.41859210261806074,0.4449760765550239,0.18626347149990263
Chrac-14,12,-0.5792448738034293,804.9374161061332,0.575447699090728,0.32057416267942584,0.18447366430181233
pros,30,-0.5468244503783901,5907.363374374982,0.4870841705395872,0.37799043062200954,0.18411315537142287
lbl,13,-0.4869318742047972,3605.420617927045,0.3664657732391224,0.5023923444976076,0.18410959899573132
zld,30,-0.5843906670805259,525.4183292555044,0.5990490795260155,0.3014354066985646,0.18057460291932526
inv,21,-0.5858058609830763,2495.1351377058836,0.6138521095132667,0.291866028708134,0.17916257741774771
RfC4,18,-0.5731406045395304,813.1046876959499,0.5417526525797973,0.3253588516746411,0.1762640209350537
Ets98B,30,-0.5548506588941811,6124.643287949551,0.4780276567322569,0.36363636363636365,0.1738282388117298
dsx,30,-0.3614885676219193,82.53319931873375,0.5883591565909205,0.7129186602870813,0.17309366908483628
D,17,-0.5683431081438235,2699.293916344657,0.49673253318274624,0.3444976076555024,0.17112316932611352
Sox21b,5,-0.5802410534387545,30945.59871863693,0.5424948297011093,0.31100478468899523,0.16871848770608663
E2f1,30,-0.5912678222329055,512.1456461979415,0.591505769476684,0.27751196172248804,0.16414992645764437
aop,30,-0.4250470842139791,84.8954593162307,0.5870417887496644,0.6507177033492823,0.16214968401785937
btd,17,-0.5793032990630373,2432.522484539644,0.49436453147457177,0.3157894736842105,0.15611511520249635
Trf2,30,-0.4556194110622849,94.4324895406462,0.569708712816399,0.5741626794258373,0.1544469245863625
PyK,30,-0.6254351243011929,3894.6115874341385,0.6746461145327303,0.22488038277511962,0.15171467647386758
Traf4,21,-0.6179420593038953,2774.1000852493944,0.6170093406429927,0.24401913875598086,0.1505620879080987
CrebA,30,-0.596925366764187,1569.0092379071193,0.5544255349089762,0.2679425837320574,0.1485542103105391
knrl,20,-0.5905055773354864,2412.8431856216075,0.5042886399604779,0.2822966507177033,0.14235899405582866
en,16,-0.5947773962062775,3006.4447546805714,0.5216806922351414,0.2727272727272727,0.14227655242776582
ems,30,-0.609339032455023,2497.7791099307033,0.5500047271975179,0.2583732057416268,0.14210648453907163
gsb-n,5,-0.5851005832962961,7498.22820742217,0.478228388316668,0.2966507177033493,0.14186679462025556
gcm,30,-0.5331337604842636,7104.458299875306,0.35243058115960907,0.4019138755980861,0.14164674075314432
Abd-B,30,-0.3474236621408815,68.43266993906764,0.5691244461537919,0.7272727272727273,0.14162438319235313
ci,8,-0.6273151445546603,502.56190423458065,0.640796018569328,0.22009569377990432,0.1410364442784167
CG34325,26,-0.5721888904693859,3388.6119698670764,0.42484960757794854,0.33014354066985646,0.140261353697983
Ubi-p63E,30,-0.6149115478042309,4354.183179269461,0.5333937117003226,0.2535885167464115,0.13526252019194782
Eip74EF,21,-0.6219831351459777,1663.59148203937,0.5814919398316172,0.22966507177033493,0.13354838809529962
Pglym78,22,-0.6413825939689222,3930.2226171269667,0.6801119893560801,0.19617224880382775,0.1334190983904272
unc-4,6,-0.6293842882674212,6890.251974324343,0.6225259141681948,0.21052631578947367,0.13105808719330417
E(bx),30,-0.6196033682794293,184.03159033602242,0.587323836189982,0.23923444976076555,0.12928964068934917
oc,16,-0.5830925481889311,4224.328262919893,0.38354489883780446,0.3062200956937799,0.11744915562497361
hppy,30,-0.628157233085817,917.1195253429669,0.5266112560220922,0.215311004784689,0.11338519866504379
schlank,17,-0.6333950598989608,216.72723315049552,0.5464899561002173,0.20574162679425836,0.11243573259478155
cic,30,-0.341316049088652,51.15566540909094,0.595367771222265,0.7368421052631579,0.11220791657895617
mago,5,-0.5662768495172394,101.57312050982546,0.5803514398215994,0.35406698564593303,0.10435789230606944
CG12054,27,-0.6537031064270444,311.34699926174835,0.588899783153988,0.17703349282296652,0.1042549855344381
dysf,14,-0.5890220437773777,3234.50494480864,0.3617108120862647,0.28708133971291866,0.10384042452237265
E5,21,-0.668412325534798,3181.543330191552,0.6415168322660725,0.15311004784688995,0.09822267288284363
abd-A,14,-0.6581664770145454,1909.5820393636332,0.5831185108208549,0.1674641148325359,0.09765142525708095
jumu,5,-0.6716819488550414,800.8426789275727,0.6504228515993498,0.14832535885167464,0.09647420286880307
Hrb87F,10,-0.6562430431107129,785.6008893733433,0.5547793052034831,0.1722488038277512,0.09556007170969086
arm,5,-0.6756465839597212,1263.9702374775188,0.71451966099328,0.1291866028708134,0.09230636768812708
Atf3,17,-0.6364097548069487,160.40858517305423,0.5651145920038995,0.20095693779904306,0.09108296054755306
Dif,16,-0.6440005451632635,5991.215675852112,0.46890996966932175,0.19138755980861244,0.08974353486494197
sr,19,-0.6458536965063437,3700.7457350473005,0.4466593048725634,0.18660287081339713,0.08334790856473671
PNUTS,19,-0.6610472173257809,4494.814990637393,0.5043348137389216,0.16267942583732056,0.08204489792881979
CG3328,30,-0.6767370284136429,2953.9430329692204,0.6528847676540801,0.12440191387559808,0.08122011463639274
eyg,10,-0.6534467418324867,19545.849365530972,0.43564801787347235,0.18181818181818182,0.07920873052244952
RfC38,15,-0.6734223766169014,748.5987828935358,0.5479908081239395,0.13875598086124402,0.076037002084183
Ssdp,30,-0.5049133843698341,58.0389366521249,0.5585291970598234,0.4688995215311005,0.07600026763824624
fd96Ca,9,-0.6741368691329386,3781.448367683827,0.5581209815830726,0.1339712918660287,0.07477218892022025
H15,15,-0.6202277987476621,8001.583207999621,0.3172563744504596,0.23444976076555024,0.07438068109125608
CycT,19,-0.6776422940063516,209.04558074278066,0.5906791081229408,0.11961722488038277,0.07065539570848575
E(spl)mdelta-HLH,9,-0.6642879867650191,18829.92622917198,0.43717989423684495,0.15789473684210525,0.06902840435318604
Hr38,30,-0.5061123217102452,4249.5926056232665,0.1328927431167923,0.46411483253588515,0.06167749321688446
jigr1,7,-0.6827839657966286,1521.7175633378538,0.6436327728399976,0.09569377990430622,0.06159165290334906
CG12769,30,-0.6727101460003759,6831.052065346188,0.4207636399346262,0.14354066985645933,0.0603966947274583
Hr39,5,-0.6919092140660157,972.016626019391,0.67719062457546,0.0861244019138756,0.05832263752324535
ac,21,-0.6784814646278723,4218.6474906723215,0.5043335651448088,0.11483253588516747,0.05791390221758569
tai,30,-0.2904734553418773,24.377531445887143,0.6041932031018287,0.7751196172248804,0.05708267193533468
tx,8,-0.6817823939588372,4757.944949769929,0.45182284203335044,0.10526315789473684,0.047560299161405306
Strn-Mlck,6,-0.6998035067265285,13695.197069373495,0.7139822964902183,0.06220095693779904,0.04441038207833894
Eip75B,30,-0.38156742518742726,20.262570438701005,0.6004627146659232,0.6985645933014354,0.0424968908026999
Awh,5,-0.6947013143202894,29059.373890240997,0.5790477344077333,0.07177033492822966,0.04155844983787559
Stat92E,12,-0.6990126421051712,270.7646099562626,0.6095693126253627,0.06698564593301436,0.040832394147153485
Dgp-1,7,-0.6932745714923014,26494.25627888416,0.4666924242340934,0.08133971291866028,0.03796062780851478
Kr,24,-0.688759323409494,4803.682648279957,0.37074442474057673,0.09090909090909091,0.0337040386127797
dar1,30,-0.6801177784525692,4532.0892783827185,0.30614753228666114,0.11004784688995216,0.03369087675881917
dve,5,-0.7011976430849096,24078.54436213836,0.5643562818576446,0.05741626794258373,0.03240323149421883
elB,12,-0.7032179609359666,2230.453414491738,0.6114721283706762,0.05263157894736842,0.03218274359845664
Coop,12,-0.7139223411083369,4011.390432580425,0.7053867816597993,0.0430622009569378,0.030375507344201882
Hsf,7,-0.7070847260431703,4943.962590422665,0.5648184733760987,0.04784688995215311,0.027024807338569316
EcR,30,-0.5081118635696751,16.543767497054432,0.5992320002202407,0.45933014354066987,0.022767972949523905
noc,25,-0.7141518811377516,3412.0718003652473,0.5817068027529819,0.03827751196172249,0.02226628910059261
lilli,30,-0.6940683770265337,92.58013356819538,0.5956354393145459,0.07655502392344497,0.021107754461125887
Sin3A,30,-0.5309856487956077,15.872073373677267,0.591343239745274,0.41148325358851673,0.01931058667375099
CG12768,7,-0.7393275320318655,5474.1975290182145,0.700502745458995,0.019138755980861243,0.013406751109263062
vvl,7,-0.7326485513703513,1812.5205419510858,0.46670125154919023,0.028708133971291867,0.013398122054043737
shep,30,-0.4209640664722738,6.800294617074542,0.5964445905186713,0.6602870813397129,0.013390618504393641
E(spl)mgamma-HLH,5,-0.7533989497420246,24235.15867025757,0.5261927608732945,0.014354066985645933,0.00755300613693724
rl,30,-0.6163616798642053,9.92332234413152,0.5969434268261264,0.24880382775119617,0.007369148956256442
kni,5,-0.7672121848378117,12598.468350436642,0.5339658022442704,0.009569377990430622,0.00510972059563895
toe,5,-0.806184200787011,26653.048463309293,0.5448940075350575,0.004784688995215311,0.0026071483614117583
pan,30,-0.7244858007409198,22.342492941405,0.5793729646338265,0.03349282296650718,0.0021677620719953374
CG16779,28,-0.7379641114387836,13201.29961021086,0.07343155965998119,0.023923444976076555,0.0017567358770330427
retn,30,-0.31590617062731563,-49.00624277924544,0.4930887553848538,0.7511961722488039,0.0
NFAT,30,-0.6823879044105066,-4.360070487755365,0.5836778183332262,0.10047846889952153,0.0
Rrp1,5,-0.6019201764227973,-46.950571864563244,0.6251627161997059,0.2631578947368421,0.0
