stage,epoch,nb,kl,val_nb,sup,tc,adv
pre,0,3531.332412109375,0.010833035372197628,,,,
pre,1,2393.9867431640623,0.03688238188624382,,,,
pre,2,1582.3312890625,0.06820140823721886,,,,
pre,3,1359.05865234375,0.10105822622776031,,,,
pre,4,1330.914375,0.11812354385852813,,,,
pre,5,1321.9156396484375,0.1260043478012085,,,,
pre,6,1317.054033203125,0.12941000044345854,,,,
pre,7,1309.81294921875,0.13261665284633636,,,,
pre,8,1298.2680908203124,0.1365192836523056,,,,
pre,9,1289.0455419921875,0.1400492459535599,,,,
pre,10,1282.38927734375,0.14237911522388458,,,,
pre,11,1277.458271484375,0.14282203435897828,,,,
pre,12,1269.823837890625,0.14415584087371827,,,,
pre,13,1267.02396484375,0.1446911859512329,,,,
pre,14,1262.586767578125,0.14503027319908143,,,,
pre,15,1258.178193359375,0.14661129474639892,,,,
pre,16,1254.3563916015626,0.14741930782794951,,,,
pre,17,1252.5717626953126,0.14875333726406098,,,,
pre,18,1247.599892578125,0.14922321140766143,,,,
pre,19,1246.2104052734376,0.15044198989868163,,,,
pre,20,1242.135419921875,0.1510467231273651,,,,
pre,21,1239.4358349609374,0.15088802337646484,,,,
pre,22,1235.597861328125,0.1506211519241333,,,,
pre,23,1233.94515625,0.15123233139514924,,,,
pre,24,1232.8831298828125,0.15106978356838227,,,,
pre,25,1228.5279541015625,0.15084593534469604,,,,
pre,26,1227.128447265625,0.15062007904052735,,,,
pre,27,1224.211796875,0.1513746839761734,,,,
pre,28,1221.3622021484375,0.15113511979579924,,,,
pre,29,1219.4845361328125,0.1510213828086853,,,,
pre,30,1218.0477587890625,0.1508641529083252,,,,
pre,31,1216.313544921875,0.1506581962108612,,,,
pre,32,1215.20693359375,0.15069084703922273,,,,
pre,33,1212.7277783203126,0.15047462344169615,,,,
pre,34,1212.0233544921875,0.15026882588863372,,,,
pre,35,1210.8991015625,0.15067948281764984,,,,
pre,36,1207.96064453125,0.1507704371213913,,,,
pre,37,1206.5533251953125,0.14958814024925232,,,,
pre,38,1205.7277880859374,0.14927772283554078,,,,
pre,39,1201.079462890625,0.1488272851705551,,,,
pre,40,1200.3321435546875,0.14866835951805116,,,,
pre,41,1198.9374365234376,0.1483917784690857,,,,
pre,42,1197.9793408203125,0.14868977189064025,,,,
pre,43,1195.5668017578125,0.1489181250333786,,,,
pre,44,1194.3601318359374,0.1488060885667801,,,,
pre,45,1193.5580419921876,0.14869109332561492,,,,
pre,46,1192.4075048828124,0.14858554005622865,,,,
pre,47,1189.88595703125,0.1487804162502289,,,,
pre,48,1190.3494384765625,0.14857312083244323,,,,
pre,49,1189.000439453125,0.14809916853904725,,,,
pre,50,1187.9937744140625,0.14876704514026642,,,,
pre,51,1186.3624462890625,0.14838863015174866,,,,
pre,52,1185.999443359375,0.147388778924942,,,,
pre,53,1185.2204833984374,0.14758771955966948,,,,
pre,54,1181.78623046875,0.14834709823131562,,,,
pre,55,1181.4911181640625,0.14817009389400482,,,,
pre,56,1179.099443359375,0.14819402158260345,,,,
pre,57,1177.8912890625,0.14835337340831756,,,,
pre,58,1179.109052734375,0.14834786355495452,,,,
pre,59,1178.3941162109375,0.14857008278369904,,,,
pre,60,1176.3713623046874,0.14874509751796722,,,,
pre,61,1175.944423828125,0.14863066434860228,,,,
pre,62,1174.439775390625,0.1485973435640335,,,,
pre,63,1173.5159033203124,0.14856081366539,,,,
pre,64,1170.675771484375,0.148535133600235,,,,
pre,65,1169.5362060546875,0.14821710228919982,,,,
pre,66,1169.12197265625,0.147701957821846,,,,
pre,67,1168.1027490234376,0.14778907656669615,,,,
pre,68,1168.3819140625,0.14798479676246643,,,,
pre,69,1163.7994482421875,0.14854236721992492,,,,
pre,70,1164.0990234375,0.1483816146850586,,,,
pre,71,1163.369833984375,0.14870276153087617,,,,
pre,72,1161.653251953125,0.14931534767150878,,,,
pre,73,1159.95822265625,0.14920381486415862,,,,
pre,74,1159.858388671875,0.14932291984558105,,,,
pre,75,1158.9960009765625,0.14956462383270264,,,,
pre,76,1158.1334619140625,0.14912620186805725,,,,
pre,77,1157.857939453125,0.1492902445793152,,,,
pre,78,1157.19185546875,0.14972478091716768,,,,
pre,79,1155.45390625,0.15014823496341706,,,,
pre,80,1155.4050146484376,0.15004725694656373,,,,
pre,81,1152.726552734375,0.15032559514045715,,,,
pre,82,1154.68150390625,0.15056499421596528,,,,
pre,83,1152.5169921875,0.15044036269187927,,,,
pre,84,1154.4375439453124,0.15020187437534332,,,,
pre,85,1151.090673828125,0.1503579169511795,,,,
pre,86,1152.1300537109375,0.15003495156764984,,,,
pre,87,1149.2880615234376,0.15013678908348083,,,,
pre,88,1149.989580078125,0.15037818372249603,,,,
pre,89,1146.1710986328126,0.15088102340698242,,,,
pre,90,1147.3009423828125,0.15130893766880035,,,,
pre,91,1146.381728515625,0.15170728981494905,,,,
pre,92,1145.9136376953124,0.15168104588985443,,,,
pre,93,1144.9924462890624,0.15153887748718262,,,,
pre,94,1143.606181640625,0.15189248502254485,,,,
pre,95,1145.7012744140625,0.15215760469436646,,,,
pre,96,1142.751103515625,0.1521034550666809,,,,
pre,97,1141.0536376953125,0.1521610850095749,,,,
pre,98,1141.4240576171876,0.1524115377664566,,,,
pre,99,1140.70810546875,0.15269533395767212,,,,
sup,0,1140.7248583984374,0.15262419164180754,,0.1362767368555069,0.038193436563014986,
sup,1,1140.381474609375,0.1524941736459732,,0.25916796684265136,0.036420839205384255,
sup,2,1139.3520751953124,0.15266652464866637,,0.3762363111972809,0.03530535668134689,
sup,3,1140.267158203125,0.15248836874961852,,0.4921137046813965,0.03473330736160278,
sup,4,1139.0977587890625,0.15248482584953307,,0.6076657629013061,0.033352560102939605,
sup,5,1137.599990234375,0.15226246178150177,,0.7243119215965271,0.032529250159859656,
sup,6,1136.1691552734376,0.15254831433296204,,0.8424669003486633,0.03181256756186485,
sup,7,1136.458544921875,0.15242300927639008,,0.9611142611503601,0.031384051889181135,
sup,8,1134.894873046875,0.15253818273544312,,1.0799998664855956,0.030472966283559798,
sup,9,1134.1833154296876,0.1525874364376068,,1.1992503547668456,0.030321048200130464,
sup,10,1134.4346728515625,0.15275347292423247,,1.318795428276062,0.0294179181009531,
sup,11,1132.47125,0.15269045352935792,,1.4384831809997558,0.028279414772987364,
sup,12,1135.313720703125,0.15282467782497405,,1.5582891607284546,0.02845539875328541,
sup,13,1132.163349609375,0.15269047856330872,,1.6781126070022583,0.02809978447854519,
sup,14,1131.9750439453126,0.1526489609479904,,1.7979716014862062,0.02741073489189148,
sup,15,1132.2445263671875,0.15274314999580382,,1.917815523147583,0.027168142050504683,
sup,16,1132.034091796875,0.1532203221321106,,2.03767840385437,0.027031184434890748,
sup,17,1130.09703125,0.15331559956073762,,2.1575284671783446,0.026770828291773796,
sup,18,1130.743212890625,0.15335915088653565,,2.2773937797546386,0.026459947898983954,
sup,19,1129.9423779296876,0.1536506551504135,,2.3972455215454103,0.026420842185616494,
sup,20,1126.7166479492187,0.15383331954479218,,2.517085256576538,0.026081086471676826,
sup,21,1129.3173486328126,0.15403652787208558,,2.6369557857513426,0.02571690857410431,
sup,22,1127.8102490234376,0.15416190922260284,,2.7568105602264406,0.025271796956658363,
sup,23,1127.3492431640625,0.15425754368305206,,2.876662893295288,0.02485007919371128,
sup,24,1127.5069213867187,0.15367746412754058,,2.9965313720703124,0.024992347359657288,
sup,25,1125.41427734375,0.15374158322811127,,3.116375846862793,0.02470871552824974,
sup,26,1125.8589697265625,0.15405736207962037,,3.2362415027618407,0.02459262132644653,
sup,27,1124.375439453125,0.15404380857944489,,3.3560823249816893,0.02411937214434147,
sup,28,1124.126826171875,0.15390579760074616,,3.475935945510864,0.0237270650267601,
sup,29,1125.74640625,0.1536807507276535,,3.5957763957977296,0.023383223414421082,
sup,30,1123.18703125,0.15405207812786104,,3.7156450176239013,0.023420146927237512,
sup,31,1121.8478173828125,0.1541183263063431,,3.835491943359375,0.023594922944903375,
sup,32,1121.3410009765626,0.15408497869968416,,3.9553716468811033,0.023000994697213173,
sup,33,1120.8874169921876,0.15417815625667572,,4.075207042694092,0.02287838816642761,
sup,34,1121.8887158203124,0.15389688730239867,,4.195047264099121,0.022491968348622323,
sup,35,1119.392880859375,0.1541173678636551,,4.314929447174072,0.022686957269906997,
sup,36,1120.3231787109376,0.15473880648612975,,4.4347617721557615,0.022443354800343512,
sup,37,1119.9211352539062,0.1548396545648575,,4.554617137908935,0.022141103297472,
sup,38,1117.5417944335939,0.15493130803108215,,4.674468173980713,0.021942041665315628,
sup,39,1117.6199047851562,0.15492043912410736,,4.794321575164795,0.022293339744210244,
sup,40,1118.1291845703124,0.1549525624513626,,4.914189052581787,0.022040227130055427,
sup,41,1116.82115234375,0.154926877617836,,5.034063987731933,0.02189992882311344,
sup,42,1118.078671875,0.15510589241981507,,5.153932704925537,0.02185259439051151,
sup,43,1115.6692407226562,0.15521882057189942,,5.27376838684082,0.02137701593339443,
sup,44,1116.845517578125,0.1551946246623993,,5.393672847747803,0.021820468455553056,
sup,45,1118.4841455078124,0.155240438580513,,5.513491115570068,0.021643530949950217,
sup,46,1117.386005859375,0.15524316906929017,,5.633328685760498,0.021396446228027343,
sup,47,1116.4094140625,0.15533787488937378,,5.753220157623291,0.02118678390979767,
sup,48,1117.4791748046875,0.15471526443958283,,5.873080825805664,0.021064380705356597,
sup,49,1115.725439453125,0.15412206411361695,,5.9929915809631344,0.02072425063699484,
sup,50,1114.65953125,0.15435777604579926,,6.112817821502685,0.02071333020925522,
sup,51,1114.159326171875,0.15505577981472016,,6.232685585021972,0.020747708044946193,
sup,52,1115.824013671875,0.15544668853282928,,6.352562160491943,0.02062303002923727,
sup,53,1113.8319482421875,0.15534828543663026,,6.47237714767456,0.020340733267366885,
sup,54,1114.416494140625,0.15532066106796263,,6.592222023010254,0.020478254258632658,
sup,55,1113.4398193359375,0.15542684674263,,6.712144260406494,0.020332699790596962,
sup,56,1112.5566748046874,0.1553810280561447,,6.831968097686768,0.020101461075246334,
sup,57,1112.393505859375,0.15522836923599242,,6.951821823120117,0.02006650559604168,
sup,58,1112.1774560546876,0.15548237025737763,,7.071701698303222,0.01996417611837387,
sup,59,1112.5194921875,0.1553264719247818,,7.1915482139587406,0.02010422047227621,
sup,60,1110.4791552734375,0.1556628394126892,,7.311459331512451,0.020036090463399887,
sup,61,1110.209228515625,0.15564605414867402,,7.431279296875,0.01963476084172726,
sup,62,1109.9566259765625,0.155738987326622,,7.551141376495361,0.01965171378105879,
sup,63,1111.2912646484374,0.15569233775138855,,7.671032028198242,0.01972832389175892,
sup,64,1111.334140625,0.15546177208423614,,7.790874691009521,0.019387742578983305,
sup,65,1109.694970703125,0.15523639738559722,,7.9107499694824215,0.019329627268016337,
sup,66,1108.944248046875,0.1554402631521225,,8.030617485046387,0.019598769843578338,
sup,67,1111.0828759765625,0.15588180601596832,,8.15045009613037,0.019190843291580675,
sup,68,1107.9785302734374,0.1559674298763275,,8.27032169342041,0.01944235447794199,
sup,69,1108.600205078125,0.15581786572933198,,8.390242500305176,0.019339530356228353,
sup,70,1107.4365380859374,0.1558755147457123,,8.510071411132813,0.019091819971799852,
sup,71,1107.226689453125,0.1555803143978119,,8.629993782043456,0.01904229901731014,
sup,72,1107.600478515625,0.15582816541194916,,8.749765281677247,0.019083354100584985,
sup,73,1107.4568969726563,0.15591804087162017,,8.869611587524414,0.018930681273341177,
sup,74,1105.3316455078125,0.1560106235742569,,8.989523582458496,0.018965871296823023,
sup,75,1104.872177734375,0.15597802639007569,,9.109400253295899,0.0191790034994483,
sup,76,1106.663369140625,0.15624135673046113,,9.229228820800781,0.01907050546258688,
sup,77,1105.6086279296876,0.15648378252983094,,9.349060745239258,0.018956291154026986,
sup,78,1103.9112866210937,0.15643344104290008,,9.468906936645508,0.01911450978368521,
sup,79,1104.9114013671874,0.15628877520561218,,9.588817558288575,0.019289746284484863,
sup,80,1105.25091796875,0.1564372146129608,,9.708655242919923,0.0191338299959898,
sup,81,1104.66712890625,0.15626339852809906,,9.828484535217285,0.018755354210734366,
sup,82,1104.6147436523438,0.15643052637577057,,9.94829891204834,0.01851404406130314,
sup,83,1105.4337524414063,0.15630962073802948,,10.068210983276368,0.018781856223940848,
sup,84,1104.5882080078125,0.1564200222492218,,10.188085174560547,0.01878750305622816,
sup,85,1105.8806494140624,0.15635281503200532,,10.307920532226563,0.0187480228766799,
sup,86,1104.4691357421875,0.15641851902008055,,10.427856407165528,0.01864377871155739,
sup,87,1102.9066137695313,0.15613201916217803,,10.547738876342773,0.018341048806905746,
sup,88,1103.06267578125,0.1562197822332382,,10.667598381042481,0.018282435834407806,
sup,89,1102.6964013671875,0.1563073891401291,,10.787465858459473,0.018442992232739926,
sup,90,1102.8652124023438,0.15638095259666443,,10.907278213500977,0.01808414179831743,
sup,91,1102.8173510742188,0.15672812342643738,,11.027171173095702,0.01798141896724701,
sup,92,1102.6768627929687,0.15623560786247254,,11.146938400268555,0.01778447926044464,
sup,93,1104.076318359375,0.15627947747707366,,11.266864776611328,0.018055840954184534,
sup,94,1101.5294897460938,0.15643854200839996,,11.386691246032715,0.0179823911935091,
sup,95,1101.2457470703125,0.15629172921180726,,11.506589889526367,0.017824546322226523,
sup,96,1102.749365234375,0.15637573421001436,,11.626428184509278,0.01760132897645235,
sup,97,1101.6339624023437,0.1565477430820465,,11.746297950744628,0.018112738244235517,
sup,98,1101.0959716796874,0.1561857157945633,,11.866215782165527,0.017983356676995754,
sup,99,1102.4374487304688,0.1561242312192917,,11.986039352416991,0.01772200547158718,
sup,100,1099.0363110351564,0.15647292792797088,,12.105993537902831,0.01782892394810915,
sup,101,1100.3660302734374,0.15664711773395537,,12.225882759094238,0.017830677032470703,
sup,102,1099.603779296875,0.1562659728527069,,12.345669784545898,0.017645705826580524,
sup,103,1098.1776171875,0.1565023297071457,,12.465477180480956,0.018014702759683133,
sup,104,1098.4601049804687,0.15691821098327638,,12.585371475219727,0.017963192202150823,
sup,105,1101.3821850585937,0.15679644227027892,,12.705247344970703,0.017813701145350934,
sup,106,1100.043037109375,0.15649436056613922,,12.825095024108887,0.0175490041077137,
sup,107,1097.7551611328124,0.15626162588596343,,12.944997863769531,0.01755466092377901,
sup,108,1100.2646826171874,0.1562894195318222,,13.064887008666993,0.017603254802525045,
sup,109,1099.434169921875,0.1566925060749054,,13.184738426208495,0.017683796882629395,
sup,110,1099.0522827148438,0.15670808672904968,,13.304508399963378,0.017454103901982307,
sup,111,1096.5269384765625,0.15677330732345582,,13.424343528747558,0.01728359617292881,
sup,112,1098.532744140625,0.15641235291957856,,13.544299354553223,0.017289833016693592,
sup,113,1098.1600146484375,0.1567475038766861,,13.664190902709962,0.01751441106200218,
sup,114,1097.39951171875,0.15715657472610473,,13.783999404907227,0.0177070302143693,
sup,115,1098.01904296875,0.15704912483692168,,13.90381160736084,0.017425218671560286,
sup,116,1098.1352783203124,0.15713301181793213,,14.023727989196777,0.01759323325008154,
sup,117,1097.4087109375,0.15722497880458833,,14.143534469604493,0.017551963776350023,
sup,118,1098.1771948242188,0.15737280368804932,,14.2634912109375,0.01730779528617859,
sup,119,1097.631181640625,0.15719113647937774,,14.383287773132324,0.017374842539429666,
adv,0,1096.7659716796875,0.15724869310855866,,0.17979242861270905,0.017208379544317722,1.915677785873413
adv,1,1096.92837890625,0.15699295163154603,,0.3595853066444397,0.017049826830625534,1.3009974145889283
adv,2,1095.9963720703124,0.15701834440231324,,0.5393752574920654,0.017714848481118678,1.254493579864502
adv,3,1095.7388720703125,0.15678214073181151,,0.7191629600524903,0.01726754814386368,1.2350401592254638
adv,4,1097.5200537109374,0.15672203540802002,,0.898957896232605,0.017231584638357163,1.2192667055130004
adv,5,1096.2648046875,0.15653316140174867,,1.0787378978729247,0.016937430091202257,1.2089802742004394
adv,6,1097.44291015625,0.15693847954273224,,1.2585265445709228,0.017491305395960808,1.2020436525344849
adv,7,1096.0028125,0.15705960035324096,,1.438312520980835,0.01701949182897806,1.1949747943878173
adv,8,1096.6690234375,0.15723295867443085,,1.6181140327453614,0.016770794205367565,1.1893627071380615
adv,9,1096.757626953125,0.15719215512275697,,1.7978996801376343,0.017023821510374546,1.1839367628097535
adv,10,1097.0924169921875,0.1569310748577118,,1.9776893949508667,0.016935204789042473,1.1797336483001708
adv,11,1095.3638818359375,0.156804141998291,,2.1574882221221925,0.017016896568238734,1.1808037996292113
adv,12,1095.0046826171874,0.15683684289455413,,2.3372863864898683,0.017094087228178977,1.1764164972305298
adv,13,1095.69640625,0.1569497561454773,,2.517076110839844,0.0172404870018363,1.1734466648101807
adv,14,1094.8778076171875,0.1567342346906662,,2.6968537616729735,0.016728917472064495,1.1743376541137696
adv,15,1096.5080908203124,0.1572071433067322,,2.876654987335205,0.017257530614733695,1.1752602529525757
adv,16,1094.64423828125,0.15722873985767363,,3.0564395427703857,0.016824755631387234,1.1725171279907227
adv,17,1096.674375,0.1572194665670395,,3.2362211322784424,0.01710409879684448,1.170745348930359
adv,18,1094.38134765625,0.15710722744464875,,3.4160280990600587,0.0168162427470088,1.1717661285400391
adv,19,1096.4841918945312,0.15709827363491058,,3.595815887451172,0.01705151405185461,1.167859344482422
adv,20,1095.138076171875,0.15680030465126038,,3.7756273460388186,0.016763459891080856,1.1687858963012696
adv,21,1093.3064013671874,0.15707577764987946,,3.9553890228271484,0.016959991417825223,1.165519027709961
adv,22,1093.821767578125,0.15671118080615998,,4.1352023506164555,0.016677539311349392,1.1653218984603881
adv,23,1095.694697265625,0.15675996541976928,,4.3149928283691406,0.017108772918581962,1.1655313301086425
adv,24,1094.554482421875,0.15699015378952028,,4.494777507781983,0.01665977146476507,1.1641814994812012
adv,25,1093.863798828125,0.15702824771404267,,4.674580860137939,0.017050659097731114,1.163772964477539
adv,26,1094.0431909179688,0.15693952798843383,,4.854374046325684,0.016750168539583683,1.1625879621505737
adv,27,1093.9476513671875,0.15676225006580352,,5.0341767311096195,0.01665940657258034,1.16293447971344
adv,28,1093.41484375,0.15677920043468474,,5.213936939239502,0.01655534904450178,1.16225209236145
adv,29,1096.382880859375,0.1569640588760376,,5.393737258911133,0.016615886837244034,1.1590941190719604
adv,30,1092.8962841796874,0.1574119210243225,,5.573536834716797,0.01687346611171961,1.1617904710769653
adv,31,1092.2647875976563,0.15716382920742034,,5.753312740325928,0.016672094948589802,1.1607334661483764
adv,32,1092.6944970703125,0.1570682054758072,,5.933101100921631,0.016867736130952837,1.15956684589386
adv,33,1094.3224291992187,0.15700361132621765,,6.112888298034668,0.016586660109460354,1.1601350736618041
adv,34,1094.4859545898437,0.1571593028306961,,6.292735404968262,0.016468061171472072,1.161973361968994
adv,35,1093.4898388671875,0.15725476324558257,,6.472450370788574,0.016867068223655225,1.1605733966827392
adv,36,1091.993994140625,0.15726970732212067,,6.6522878074645995,0.01689022734761238,1.1588910245895385
adv,37,1093.20333984375,0.15734206795692443,,6.832109851837158,0.01700725145637989,1.1599701642990112
adv,38,1091.4470703125,0.15689026057720185,,7.011917171478271,0.01653597701340914,1.1575672626495361
adv,39,1092.37173828125,0.15675926744937896,,7.191722831726074,0.016801544055342673,1.157748212814331
adv,40,1092.0252661132813,0.15703404188156128,,7.371488418579101,0.016865389533340932,1.1590130090713502
adv,41,1092.700537109375,0.15714670181274415,,7.551288089752197,0.016740095391869544,1.1580372619628907
adv,42,1092.2285205078124,0.15708014965057374,,7.731056480407715,0.016552890688180923,1.1559449243545532
adv,43,1093.2824072265626,0.15701601207256316,,7.910845050811767,0.016301155760884284,1.1536670064926147
adv,44,1090.5271508789062,0.15705919325351714,,8.090691223144532,0.01647230386734009,1.1533358764648438
adv,45,1092.9292529296874,0.1570396316051483,,8.27045482635498,0.016561306081712246,1.1521598434448241
adv,46,1091.4284912109374,0.15703412115573884,,8.450258445739745,0.01645054079592228,1.1538058423995972
adv,47,1091.6916015625,0.1569175612926483,,8.629944229125977,0.01652354419231415,1.1526105356216432
adv,48,1091.4016796875,0.15666110754013063,,8.809841423034667,0.016334925219416617,1.152679648399353
adv,49,1091.8035498046875,0.15683168709278106,,8.98962532043457,0.016404683887958526,1.1521588563919067
adv,50,1092.049931640625,0.15684016644954682,,9.169401550292969,0.016354078724980355,1.1531026983261108
adv,51,1090.9811694335938,0.15638774156570434,,9.349271202087403,0.016372750326991082,1.1542150020599364
adv,52,1092.74517578125,0.1566728413105011,,9.529041862487793,0.016040569320321083,1.1500156688690186
adv,53,1089.74921875,0.15690623998641967,,9.70886215209961,0.016300033330917358,1.1519956922531127
adv,54,1090.9764599609375,0.15674640595912934,,9.888562927246094,0.016188923344016073,1.151200098991394
adv,55,1091.054599609375,0.15699293673038484,,10.06836410522461,0.016194972544908523,1.149712381362915
adv,56,1090.36291015625,0.15703437328338624,,10.248168754577637,0.016343706026673316,1.1499260902404784
adv,57,1091.325009765625,0.15682334542274476,,10.427966194152832,0.016012501902878284,1.1488899517059326
adv,58,1091.9903735351563,0.15701637744903565,,10.607721824645996,0.016295389831066133,1.1478590059280396
adv,59,1091.0914892578126,0.15674519419670105,,10.787615699768066,0.01618249449878931,1.1494162797927856
adv,60,1091.2660083007813,0.1570269912481308,,10.967343559265137,0.016166736483573915,1.1475897359848022
adv,61,1090.7816674804687,0.15706324994564055,,11.147178230285645,0.016402869299054147,1.147974648475647
adv,62,1088.5352294921875,0.15736460328102111,,11.327009620666503,0.016349308341741562,1.1495325565338135
adv,63,1090.9033642578124,0.15735413491725922,,11.506785430908202,0.016290637142956258,1.1491233921051025
adv,64,1090.1248095703124,0.15702680945396424,,11.686603927612305,0.01598634235560894,1.1487928342819214
adv,65,1090.1658544921875,0.15714654505252837,,11.866383094787597,0.016203632391989232,1.1479925775527955
adv,66,1090.9517504882813,0.15712056696414947,,12.046200180053711,0.01645802430808544,1.1463651466369629
adv,67,1090.074912109375,0.15695614218711854,,12.225972366333007,0.016380351558327674,1.1458796739578248
adv,68,1089.5412744140624,0.1571669763326645,,12.405752410888672,0.016389677822589873,1.148675479888916
adv,69,1090.8374389648438,0.15716972708702087,,12.58556453704834,0.016558028012514114,1.1459442138671876
adv,70,1091.2716015625,0.15723933756351471,,12.76531234741211,0.016005795262753964,1.1451676607131958
adv,71,1088.51734375,0.15717203855514528,,12.945174674987793,0.016318529956042768,1.1483577060699464
adv,72,1091.2897338867188,0.1568113833665848,,13.125052680969238,0.015992254093289374,1.1461446619033813
adv,73,1090.7262451171875,0.15717438161373137,,13.304687728881836,0.01628837492316961,1.1448752403259277
adv,74,1090.9029248046875,0.15689608216285705,,13.484439964294433,0.016187335178256036,1.1437134313583375
adv,75,1089.2954809570313,0.15701089084148406,,13.664223098754883,0.016309099681675435,1.1440571451187134
adv,76,1089.284140625,0.15719152510166168,,13.844093284606934,0.016467787846922873,1.1434029626846314
adv,77,1089.65873046875,0.15707238137722015,,14.023767166137695,0.016194245293736458,1.1441266965866088
adv,78,1090.9092895507813,0.15716442883014678,,14.203654975891114,0.016138482093811034,1.1442107200622558
adv,79,1089.311640625,0.15721591532230378,,14.38336639404297,0.016242980882525446,1.1424435472488403
