,r2
Abd-B,-0.3474236621408815
Adf1,-0.7174930170915064
Aef1,-0.7855759019414728
Cf2,-0.7420830057184227
Dlip3,-0.5523754707644657
Dref,-0.8008061496594083
EcR,-0.5081118635696751
usp,-0.8159069143798625
Eip74EF,-0.6219831351459777
Hr3,-0.841161753692309
Kr,-0.688759323409494
Rel,-0.7656004774976886
Stat92E,-0.6990126421051712
Su(H),-0.7791072753863195
TFAM,-0.6783018324647905
Ubx,-0.7346508746626816
ap,-0.6808183741553675
bab1,-0.8083185950672944
br,-0.041019505334371376
brk,-0.5011820755942484
byn,-0.7479948758031545
cad,-0.29604116702895933
Dif,-0.6440005451632635
dl,-0.4684545435075993
dsx,-0.3614885676219193
ems,-0.609339032455023
en,-0.5947773962062775
esg,-0.33665827440218066
eve,-0.5790753638420958
eyg,-0.6534467418324867
gcm,-0.5331337604842636
grh,-0.04925490741976146
hb,-0.506530212991186
mirr,-0.6862613623261327
oc,-0.5830925481889311
ovo,-0.16815686814018616
pan,-0.7244858007409198
pho,-0.8199757633563669
pnr,-0.6546573793628949
prd,-0.8275147577985971
pros,-0.5468244503783901
retn,-0.31590617062731563
sd,-0.4486179735434619
shn,-0.43212552425705075
slbo,-0.7594009458716797
sna,-0.7671598119307297
srp,-0.6962659987645115
tin,-0.8640506747398029
tll,-0.45610348889314145
Blimp-1,-0.3948876065592082
bowl,-0.26235662615070376
Zif,-0.6871103090734851
CG4854,-0.845721716767301
CG7368,-0.39780285148253824
gl,-0.7407444829308418
phol,-0.7487036863368315
sens,-0.6888250452132672
Dr,-0.4380241613276017
slou,-0.8015346603244218
lbl,-0.4869318742047972
Ptx1,-0.7958797258387498
Six4,-0.7908596797370937
lmd,-0.5742398871358496
jumu,-0.6716819488550414
CHES-1-like,-0.7005114058171549
Clamp,-0.8093716253956642
bnl,-0.3952905608527528
dmrt99B,-0.44479779898474847
sv,-0.7973759278664625
Xrp1,-0.19289565571893208
danr,-0.8646086535312834
Ets21C,-0.1541052281043802
slp1,-0.653279531847232
Dll,-0.24152234442634835
bsh,-0.8186231314642531
Lim3,-0.4171759000111792
so,-0.7248628961365928
Gsc,-0.8901392696906052
Awh,-0.6947013143202894
dve,-0.7011976430849096
Optix,-0.781363228419899
CG34031,-0.8573229812868965
pdm3,-0.21837546587778367
Dbx,-0.7061353568313424
Vsx1,-0.2397457287141711
acj6,-0.8035845522463521
ftz-f1,-0.5116783352433554
ci,-0.6273151445546603
peb,-0.47115018252916707
TfAP-2,-0.309222978253306
ac,-0.6784814646278723
crp,-0.5291105767135078
E(spl)m3-HLH,-0.12489934072182951
E(spl)mbeta-HLH,-0.1612849279376738
E(spl)mdelta-HLH,-0.6642879867650191
E(spl)mgamma-HLH,-0.7533989497420246
amos,-0.6682415664109824
twi,-0.2553739619909672
sc,-0.5292539406061108
dpn,-0.19222082945893515
HLH4C,-0.8222533103266896
Max,-0.7903321014735794
dimm,-0.7320329360514153
cyc,-0.7784043827088996
Fer1,-0.4980763891784694
sage,-0.8804256412490228
bigmax,-0.7840715842523982
cwo,-0.3446329716361318
SREBP,-0.7887848246949356
crc,-0.7448236135587287
gt,-0.8028242881622674
Jra,-0.479832244824945
kay,0.0033022494982462014
CrebA,-0.596925366764187
vri,-0.6588459740412616
Pdp1,-0.7173003739011639
Xbp1,-0.7088459184012132
Atf3,-0.6364097548069487
REPTOR-BP,-0.682810885606951
Atf6,-0.789572058883667
cnc,-0.5366973786358771
Atf-2,-0.8054109409270751
CrebB,-0.7474908209593978
btd,-0.5793032990630373
her,-0.81698795951224
wor,-0.6821739742760695
odd,-0.689813516471846
opa,-0.4820142832930656
scrt,-0.7709723502092367
sob,-0.386373740074923
Trl,-0.7657278881432656
klu,-0.43055902827706305
Sp1,-0.0320431093646365
seq,-0.8186551758687104
CG12769,-0.6727101460003759
sug,-0.8044227802597577
pita,-0.7366230315562576
Kah,-0.6759831751180978
CG10654,-0.8076553502084423
CG14667,-0.8032997659156067
nom,-0.7236804068331901
CG8319,-0.8017649561477933
Nnk,-0.714129258374421
CG4424,-0.7785677924116319
CG4360,-0.7670623546247111
ZIPIC,-0.8396903018806157
luna,-0.44765488840887224
cbt,-0.4244113452779561
CG12219,-0.8315715670255459
CG31388,-0.8308171443472792
dati,-0.5802187001080288
rn,-0.6886725519593044
lin-28,-0.8019090505910942
onecut,-0.906208860432741
dmrt93B,-0.7425992434744852
kn,-0.7492792972034894
aop,-0.4250470842139791
pnt,-0.38914726981654457
Ets65A,-0.7976130469638572
Ets98B,-0.5548506588941811
Ets96B,-0.8595884017422819
fkh,-0.7995879417232186
slp2,-0.6653951338002919
fd59A,-0.8597524755661636
fd96Ca,-0.6741368691329386
fd102C,-0.5648930244864989
FoxP,-0.7094936239887639
grn,-0.743268910447823
GATAe,-0.6181263894048037
abd-A,-0.6581664770145454
al,-0.7572802572772588
Dfd,-0.7506247003498534
lab,-0.7833590099972372
B-H2,-0.7708079415344784
hbn,-0.7278736728266808
E5,-0.668412325534798
lbe,-0.7594940529180656
repo,-0.7822350147188892
B-H1,-0.6796642821990209
otp,-0.8195705958354842
unpg,-0.7714059328343004
Rx,-0.8718871656497669
Pph13,-0.8701084732630553
unc-4,-0.6293842882674212
NK7.1,-0.4518237369988638
PHDP,-0.7225667136859792
OdsH,-0.8078915653407353
Lim1,-0.12287435072247632
CG11294,-0.8154523535930209
CG11085,-0.8123985737383603
vis,-0.854210501102314
achi,-0.7108405688710087
HGTX,-0.44783260592287566
exex,-0.6968598133930421
pb,-0.7326307356133515
Lmx1a,-0.7183213526793499
CG34367,-0.29417787326884115
gsb-n,-0.5851005832962961
gsb,-0.43658505542578063
ey,-0.5746717841726432
toy,-0.8577947991745822
toe,-0.806184200787011
pdm2,-0.8322063372411159
nub,-0.4520286915153984
vvl,-0.7326485513703513
Hsf,-0.7070847260431703
hng1,-0.8805408524240892
bs,-0.7950311561261016
egg,-0.8005498171830177
Myb,-0.8220530348607513
stc,-0.7419145200356037
eg,-0.7565073678953378
Eip75B,-0.38156742518742726
knrl,-0.5905055773354864
Hnf4,-0.7680585552428247
Hr38,-0.5061123217102452
Hr96,-0.8304752988012907
ERR,-0.8528228308030983
Hr39,-0.6919092140660157
Poxm,-0.07418702871299221
Poxn,-0.5133281879160405
rib,-0.7177410716483188
BtbVII,-0.7347081648186322
Rfx,-0.781336024710316
lz,-0.7726953626105131
NfI,-0.7435235812489525
D,-0.5683431081438235
Sox14,-0.7357251921358103
Sox15,-0.6991849041321114
SoxN,-0.363136242612478
Sox21a,-0.7501762070408342
Sox102F,-0.7634999831082427
Sox21b,-0.5802410534387545
org-1,-0.4257679185834402
Doc3,-0.710379769009466
Doc2,-0.4860085709998325
mid,-0.5521983630529139
CG14860,-0.8747799723557848
ash2,-0.8630522319917695
Mettl14,-0.7558832532147555
YL-1,-0.731268149731205
maf-S,-0.7581775754806628
Chrac-14,-0.5792448738034293
ttk,-0.5248502443860028
ase,-0.5916900987051392
E(spl)m8-HLH,-0.4539940230658157
l(1)sc,-0.7910385745805935
E(spl)m5-HLH,-0.5298331953246025
E(spl)m7-HLH,-0.021310759213529096
Met,-0.8312798386474298
net,-0.7391156153897624
ss,-0.4037259879149797
sim,-0.2954844679522435
ato,-0.48625267941351
Clk,-0.7076764217196863
Mnt,-0.74720874230585
cato,-0.42018688381390135
Usf,-0.8034708280045142
Hesr,-0.7626990059539105
Hand,-0.5736775752812122
Mondo,-0.7929642151593248
dysf,-0.5890220437773777
tai,-0.2904734553418773
CG33557,-0.8599833319201184
Myc,-0.15233487429587544
Mitf,-0.7958106665001901
tx,-0.6817823939588372
tgo,-0.7828331228503569
Irbp18,-0.7574383328235388
sr,-0.6458536965063437
fru,-0.16925296934316236
sqz,-0.7539777545243846
ken,-0.5254552014846614
crol,-0.37286498093277554
D19B,-0.7944130926475859
D19A,-0.8167361915902211
jim,-0.432624442199536
CG12236,-0.708559942445331
CG3407,-0.7421494154143571
CG3065,-0.8069852975613339
CG7386,-0.7501473660932501
pad,-0.7410213229342373
Spps,-0.8189304314564665
sens-2,-0.7113663063549462
zld,-0.5843906670805259
CG42741,-0.7285260598249756
dar1,-0.6801177784525692
ab,-0.09674169536824495
l(3)neo38,-0.4569019047238525
mamo,-0.04765434758210341
Ets97D,-0.8589854346131751
foxo,-0.7439252325743759
GATAd,-0.7657954340876374
exd,-0.6449758223029904
H2.0,-0.8268894306489403
hth,0.025043758713639508
inv,-0.5858058609830763
tup,-0.5186279648805985
C15,-0.7415902980882783
ara,-0.4151506052101315
caup,-0.2846441297304605
ind,-0.5504192674961721
CG11617,-0.7293179064012831
HHEX,-0.7724010656424576
schlank,-0.6333950598989608
Antp,-0.47099556411929044
CG12155,-0.8026428866659543
CG4404,-0.7906697516053371
CG15601,-0.888379603789009
brwl,-0.8002760287371657
CG5953,-0.34845398271531125
CG7745,-0.7996032825195514
CG10904,-0.7730674048741382
hng3,-0.5556149347428041
CG8281,-0.8132650948617623
CG3919,-0.7826644901997692
CG8765,-0.8291430815058478
CG12768,-0.7393275320318655
Mes2,-0.2639278683037045
CG6276,-0.7928907582195452
jigr1,-0.6827839657966286
CG11504,-0.7754897186477883
CG5180,-0.7976661376551835
Coop,-0.7139223411083369
z,-0.7383167840115727
kni,-0.7672121848378117
svp,-0.7577095546702295
Eip78C,-0.6184721062679102
Hr78,-0.7747165374573359
dsf,-0.8027040288066936
Hr51,-0.7844848149713397
Hr83,-0.8319976089441035
Hr4,-0.2218905569310663
CG15812,-0.799017076546287
Eip93F,-0.8291560833302656
Deaf1,-0.7956092310953087
Mad,-0.7916307041408277
Med,-0.787506160207379
cic,-0.341316049088652
disco,-0.2595330397824205
Bgb,-0.7368392208665431
Asciz,-0.8417110981441449
sima,-0.534611427150375
ct,0.008852142360621151
CTCF,-0.8150000109957969
E2f1,-0.5912678222329055
Mef2,-0.39435353057986133
BEAF-32,-0.6989011122223927
su(Hw),-0.7883092556436695
lov,-0.888999502012938
da,-0.6830253253157821
NFAT,-0.6823879044105066
chinmo,-0.1946609537455266
disco-r,-0.22339648982039484
gce,-0.87330043139157
lola,-0.15748744966081984
salr,-0.3006894917052134
Elba2,-0.8046138055510115
msl-1,-0.787372929967461
Tbp,-0.7192122398463654
Kr-h2,-0.735628445996235
peng,-0.7482586441982
Lam,-0.4304974931430632
Sry-delta,-0.8071675188771523
M1BP,-0.7701165501341176
fd96Cb,-0.4734761074784519
Taf1,-0.8138403401111292
Pur-alpha,-0.6727716122654115
CG5641,-0.7130787474696814
Taf6,-0.7725367669176095
E(bx),-0.6196033682794293
ham,-0.655089815993319
CG3328,-0.6767370284136429
orb,-0.7310228425722549
Xpac,-0.7575997385195814
Nf-YA,-0.7910032328793739
MBD-like,-0.8742636368579879
Cdc5,-0.8224219893312461
TfIIB,-0.8000318192264064
NC2alpha,-0.8399362089260547
CG15011,-0.8649336052017653
l(2)k10201,-0.8331002392569353
CG12129,-0.7664735498362414
NELF-B,-0.7778513508396769
Eno,-0.5521893480349982
Tfb4,-0.7837130698471835
l(2)37Cd,-0.7712286943925479
Ubc4,-0.8256234482102414
Nca,-0.794510643770671
NUCB1,-0.7005315760866857
phtf,-0.7944060588803041
Rbbp5,-0.889677739771527
SF1,-0.7707028292640545
Tudor-SN,-0.6232831250724253
timeout,-0.6736525787911019
Trm1,-0.7888931466832878
Trax,-0.8179051429290563
Vps4,-0.7944106293045761
CG18081,-0.6651319001485705
CG15715,-0.7680254662865935
Iswi,-0.7377799440880928
Nf-YB,-0.7917369729038679
CG6769,-0.8031934735375921
TfIIFalpha,-0.698921213365576
ebi,-0.785659291909675
Traf4,-0.6179420593038953
Clp,-0.7846400527054878
Sirt6,-0.8827086399853294
TfIIA-S-2,-0.8302002271354401
TfIIA-S,-0.6905566451993019
Not3,-0.7946720340098479
S2P,-0.8390764168987721
Brf,-0.7799618984130492
Polr3A,-0.8108006625266178
HDAC1,-0.6256195973492484
Chi,-0.7920793489646325
Mettl3,-0.9095286613900331
14-3-3epsilon,-0.2562637053396417
14-3-3zeta,-0.4650128246059546
Abl,-0.440563001729412
Adar,-0.8013752921449133
AMPKalpha,-0.8011100027889699
AnxB10,-0.7083696361693699
ArfGAP1,-0.8153780025840116
arg,-0.835536652671311
arm,-0.6756465839597212
Asap,-0.8452417846269578
Atac3,-0.8077055413158247
awd,-0.10199821608075665
bi,-0.12568710649506376
bol,-0.733080470961992
bon,-0.7080525345482391
Bro,-0.6006037632706944
bru3,-0.7828950947066842
BuGZ,-0.7839751963626289
Cat,-0.7380273721460866
caz,-0.7468313532916842
Cbp20,-0.7550004625360771
Ccn,-0.7349916601046806
CDK2AP1,-0.7656787452601546
CenG1A,-0.7765472761770829
Cfp1,-0.9694037806230928
cg,-0.5257797009612075
CG10089,-0.8902959236450341
CG10321,-0.8354818635009114
CG10348,-0.7928944667824003
CG10431,-0.8213468880770309
CG10979,-0.7742425828167347
CG11360,-0.723376291110013
CG11414,-0.8018752642711497
CG11454,-0.8582462557876045
CG11586,-0.7940439964272399
CG11779,-0.8274883688280967
CG11839,-0.858920448871024
CG12054,-0.6537031064270444
CG12071,-0.6478848780604438
CG1233,-0.7933549016653099
CG1236,-0.7865708241657197
CG12942,-0.805647092076389
CG13775,-0.82537949669626
CG1407,-0.8037996840366453
CG14641,-0.7935591200128489
CG15269,-0.7925734225383487
CG16779,-0.7379641114387836
CG17440,-0.8226427689519711
CG2116,-0.8055318927088329
CG2608,-0.7988816721333443
CG2790,-0.784507603966716
CG2931,-0.8124165571447854
CG30020,-0.8072973799355763
CG30392,-0.7950629631398078
CG31064,-0.8062845791310334
CG31156,-0.8190511500643913
CG31612,-0.8056090799929523
CG31624,-0.7218266078457274
CG31673,-0.7561067605573417
CG31674,-0.7458602600226045
CG31988,-0.6228518059226533
CG32075,-0.8386606964434957
CG3294,-0.8462413506881159
CG34325,-0.5721888904693859
CG34354,-0.8239877482987041
CG3815,-0.8555900999681576
CG3847,-0.7976094744234095
CG42458,-0.7681472550951525
CG44247,-0.780216583245644
CG44422,-0.7177654913143878
CG4496,-0.8241579389948606
CG4593,-0.8550573356370172
CG4611,-0.8007910558504601
CG4730,-0.808706735714124
CG4733,-0.8186021474497298
CG4935,-0.954850680646459
CG5104,-0.7701404669172007
CG5116,-0.8353277770182901
CG5245,-0.7917905689816267
CG5846,-0.7671562853124738
CG5890,-0.5568121004323565
CG5946,-0.7545004121367147
CG6638,-0.8257343612624257
CG7069,-0.7299170094928298
CG7101,-0.7935736587328761
CG7182,-0.8364509098799944
CG7378,-0.8249545203039248
CG7878,-0.6805063725478373
CG8079,-0.8486933076959262
CG8152,-0.7841634693017905
CG8209,-0.6918555037368721
CG8243,-0.7728770611516365
CG8578,-0.7450225501014158
CG9121,-0.8291907814338699
CG9281,-0.790232615559689
CG9331,-0.2164121925471476
CG9344,-0.7224148031128899
CG9609,-0.8116181169275016
CG9727,-0.7656482711606196
CG9886,-0.827025100002291
Chd1,-0.7589268560515023
Cip4,-0.46743194056988036
CkIIalpha-i1,-0.8852024350871146
CkIIbeta,-0.6405248874923428
Cnot4,-0.8727745565519796
Cnx99A,-0.7033922590238411
Cortactin,-0.7897822915234955
CtBP,-0.4781872273783834
CycT,-0.6776422940063516
Cyt-c-d,-0.737621193776858
Dab,-0.7793311466734754
Dad,-0.27270558838784753
Dgp-1,-0.6932745714923014
Dis3,-0.7960273361942161
DMAP1,-0.7700560621019445
Doa,-0.7159034317749668
Doc1,-0.5920910701847528
Dp,-0.5713554781011476
drm,-0.46364010973017655
E2f2,-0.7940350784360741
ECSIT,-0.78551601190754
eEF1delta,-0.5316418443977668
elB,-0.7032179609359666
emc,-0.2809104178956865
enc,-0.6805312413578524
ewg,-0.8222054076162582
Fip1,-0.7897682444557259
FoxK,-0.8225523249924525
fus,-0.5658229906923564
Gas41,-0.7966735063008461
Gem3,-0.8465079801929303
Git,-0.7910637190570449
glo,-0.6881517888853321
Got1,-0.773332271809319
H15,-0.6202277987476621
Hcf,-0.7800022785375673
Hcs,-0.8083399347106517
His2Av,-0.42819615453537296
HLH3B,-0.7455489612658459
Hmg-2,-0.7924212858498205
hppy,-0.628157233085817
Hrb27C,-0.21911519751900332
Hrb87F,-0.6562430431107129
Hrb98DE,-0.5310755808484351
Hsc70-3,-0.4768906444017016
Ing3,-0.8311766213697891
Irp-1A,-0.8270681444609684
Irp-1B,-0.7709516957019955
JIL-1,-0.749761325001753
jing,-0.4921894618548037
Kdm2,-0.8403708355030821
Kdm4A,-0.7617121934828854
Kdm4B,-0.7296733976195389
ktub,-0.7141862453337049
l(2)dtl,-0.8333757546451421
larp,-0.4914352055596909
lilli,-0.6940683770265337
mago,-0.5662768495172394
MED30,-0.8735445505173227
mino,-0.7615700311633429
mio,-0.7883460890922185
Moe,-0.4703060791516569
mor,-0.8393579080471871
mRpL1,-0.7978377455871353
mRpL2,-0.7009791792023932
mRpS25,-0.667851708910336
MTF-1,-0.868548130304464
Nap1,-0.5360088651232069
NC2beta,-0.8208871456491085
nej,-0.5684864895639408
Nelf-A,-0.7272166181742081
nerfin-1,-0.7933010891915084
Nf-YC,-0.842488395917717
Nf1,-0.8343566127865534
noc,-0.7141518811377516
nonA,-0.7515685828155325
nonA-l,-0.8280335077974637
nSyb,-0.8240982067456317
Nup107,-0.8078907547197571
Nup133,-0.7789263122254486
nvy,-0.26113007075080885
otu,-0.8285886264162772
pasha,-0.8400872388012759
Pbp95,-0.8614131856402638
Pc,-0.8577655654866194
Pdi,-0.4878894053330598
pds5,-0.7137254111331701
Pglym78,-0.6413825939689222
Pi3K59F,-0.8080761986790423
PICK1,-0.8061393548374856
PNUTS,-0.6610472173257809
pont,-0.695821178372769
PpD3,-0.7615405399389656
Prosalpha1,-0.829353937291093
Psi,-0.76508550032758
Ptip,-0.7805443755743262
PTPMT1,-0.7878478376478608
pug,-0.755839337022352
PyK,-0.6254351243011929
Rab14,-0.7293686501490129
Rab18,-0.8099831099653583
Rab2,-0.6493451605956009
Rab7,-0.6419853901480805
Ran,-0.5447617074124496
rasp,-0.7426688205425247
Rb97D,-0.7336242850156407
Rbf,-0.7392142373762931
Rbf2,-0.7881183512843204
Rbfox1,-0.10524909473380162
Rbp4,-0.8266726349184754
Rbp6,-0.7172590647520962
RfC38,-0.6734223766169014
RfC4,-0.5731406045395304
RIOK2,-0.848646595938044
rl,-0.6163616798642053
row,-0.7293564843201066
Rox8,-0.6944076866661684
RpL35,-0.35949302992354437
RpL6,-0.022461400463320125
Rpn5,-0.686200658648777
RpS10a,-0.770748682868778
RpS10b,-0.06810326511804154
RpS4,-0.2343948902353319
Rpt1,-0.6407249047453478
Rrp1,-0.6019201764227973
Rrp40,-0.7572068495953868
rump,-0.6592581625184109
RunxA,-0.8739827897552839
salm,-0.22977800316471897
Scm,-0.7288682630686347
SelR,-0.8235541460682161
shep,-0.4209640664722738
Sin3A,-0.5309856487956077
sm,-0.6494944681521411
SMC3,-0.8350330008544313
Smox,-0.6667634523159089
Smr,-0.3211957714446978
snf,-0.9384157504412287
snRNP-U1-70K,-0.8152375169133919
Socs36E,-0.4882746208015869
Sox100B,-0.7781155333519099
Spf45,-0.7619664157975363
Sptr,-0.7466246692929395
srl,-0.7116871134622218
Srp9,-0.7214120158127839
Ssdp,-0.5049133843698341
stau,-0.7049217510021126
Strn-Mlck,-0.6998035067265285
STUB1,-0.7868159753629458
Syb,-0.7418383111385753
Syp,-0.19033782961670442
Taf7,-0.8395527941327057
teq,-0.8312676112316715
Tet,-0.0552802375579573
TfIIA-L,-0.8024826105634102
tho2,-0.7704542000030676
tim,-0.8105759727914224
Tob,-0.8326537645515313
Topors,-0.8146691084491111
Tpi,-0.4891466762123573
tra2,-0.7516358358846986
trbl,-0.8247551851424293
Trf,-0.8028766987020677
Trf2,-0.4556194110622849
trsn,-0.6746954174688378
trv,-0.9016366221133303
trx,-0.4276902482144773
tsu,-0.6332658536773801
twin,-0.7007766564451265
U2af38,-0.6987608894297792
Ubi-p63E,-0.6149115478042309
Uev1A,-0.6975260693659993
UGP,-0.7266491018094592
Unc-76,-0.7915646856259746
UQCR-14,-0.730063630165859
Usp39,-0.8930271927748723
Vmat,-0.6755866995553819
vtd,-0.7546364450495673
wcd,-0.8658801806505105
wdn,-0.7886529801095161
XRCC1,-0.8084138302392099
yps,-0.5675157689778154
Zasp52,-0.2755713641820219
zfh1,0.3085519592044259
zfh2,-0.5254995239285534
