TF,A8,A9p1,A9p2,A10
Atf3,0.09216138452144458,-0.025038606838314797,-0.1350972944057945,0.06797451672266572
BEAF-32,0.01262270883504825,0.059928251758743535,0.007240244247525116,-0.07979120484131741
Blimp-1,0.03857385157353799,-0.017861533760484008,0.02804986408927622,-0.048762181902332564
CG11085,0.02507383987838146,0.012323071366791324,0.01797506417920339,-0.0553719754243752
CG3328,0.04488083257815577,-0.013844414718798517,-0.017908664788673416,-0.013127753070682069
CG5641,0.018091229639411312,-0.02817688342078681,0.011923641550164427,-0.0018379877687894639
CG9727,-0.029289623260668973,-0.007300927732356026,0.009423762271084761,0.02716678872194201
CrebA,0.013835632654054804,0.04161025657292154,-0.07391675049425883,0.018470861267283104
Dif,-0.02470093248600404,0.02833611801800633,0.019989787384236218,-0.02362497291623972
Dll,0.10460774437721884,0.39305864976909854,-0.17540152912373794,-0.3222648650225768
Dr,0.0631326318978168,0.2753342747900903,-0.23758984556422863,-0.10087706112367842
Dref,-0.04141363688191959,0.04638776160165584,0.02326068643810699,-0.028234811157843744
E_(spl)m3-HLH,-0.15247217444895972,0.09339136013289451,0.03073219706859779,0.0283486172474677
E_(spl)m5-HLH,0.017817420170188076,0.0009390668140347401,-0.0331103549017748,0.01435386791755399
E_(spl)m7-HLH,0.051429167447106,-0.04683091872276202,-0.03387654076492731,0.029278292040584127
E_(spl)m8-HLH,-0.03626611487752261,-0.006002067892997095,0.046015829516472345,-0.003747646745953473
E_(spl)mbeta-HLH,0.10668059560866144,-0.007285765858225501,-0.066478340537258,-0.032916489213176574
ERR,0.009159683412090358,0.014743740363478357,-0.04546201118001857,0.02155858740445005
Ets96B,-0.009919735738669583,0.014892391049876585,-0.007830668755654007,0.0028580134444472767
GATAd,0.007895193176727051,-0.0240023921457638,-0.010762378159037092,0.02686957712807075
Hr78,0.030476527355620262,-0.035938650598698746,-0.006106414924064385,0.011568538167141703
Jra,0.03611491575922923,-0.017868848836665847,-0.020287928049940784,0.0020418611273771577
Kah,-0.06306722395848322,0.017656390112295015,0.01738348954765066,0.028027344298538898
Max,-0.04101871742451129,0.03910449152313867,-0.03863841595419843,0.04055264185557359
Mef2,0.24699277141542036,-0.10524765397749612,-0.11197689078494845,-0.02976822665297652
Mitf,-0.011857849146791178,0.017970896977451835,0.043459851147205825,-0.04957289897786569
Myb,-0.007821110390786978,-0.06655866229912225,0.05567475199041352,0.01870502069949601
NK7.1,0.03345025633085382,0.18328728043378587,0.11496979025267162,-0.3317073270173134
Nf-YC,0.017815451448131257,0.02453559332737871,-0.027672790108250567,-0.014678254667258559
NfI,0.016158818175459336,-0.0016239642290443417,0.006117544224941949,-0.020652398171356303
Pdp1,0.020679863064481312,0.013342507931769233,-0.0008928208715286744,-0.03312955012472272
Poxn,-0.022302126046131982,-0.0028088881374654655,0.06043134307209205,-0.03532032888849452
REPTOR-BP,0.030004196590891128,0.026381480867259256,-0.0207728636650589,-0.03561281379309259
Rx,0.004284590954589075,-0.02812520622666936,0.02417044435475954,-0.0003298290826780256
SREBP,0.020194256386125115,-0.0021055116881677333,0.03520914424570725,-0.05329788894366414
Sin3A,0.028193359897156413,-0.00681163874358606,-0.02834072451003622,0.00695900335646554
Sirt6,-0.010644905827839168,-0.052943216134616694,0.033419874012164924,0.030168247950290848
Sox100B,-0.008735257823013216,-0.09559708647572449,0.10135126750146002,0.0029810767972786112
Sox14,0.015304863490233108,-0.013180104679423538,-0.017865845875304962,0.015741087064494164
Sox21b,-0.029867866988530473,0.04125109776728503,0.07709637204755385,-0.08847960282630775
SoxN,0.03281378406143862,0.027375151439248492,0.0403719757880751,-0.10056091128876257
Sry-delta,-0.06467732175263706,0.020591954374258474,0.08032626795860254,-0.036240900580224514
Stat92E,0.001466821833515344,0.03174554128060681,-0.006086647456739154,-0.027125715657383788
Su_(H),0.0574073761100712,0.013394206249488361,0.02791550466242245,-0.09871708702198159
TFAM,0.008402735483956175,0.020114845671205077,-0.006626007718037045,-0.021891573437123956
Taf6,-0.016180996574780233,0.012973355035104404,-0.019529285734228956,0.022736927273903466
ZIPIC,-0.07979561029411322,-0.009889029049454318,0.049131761646861935,0.040552877696705895
Zif,-0.034113682012646106,0.008458767070243275,0.030714210274081537,-0.0050592953316800846
ac,0.04300959978902139,-0.038946583078152436,0.040932542488816996,-0.04499555919968498
achi,-0.05160546368868001,0.023666589719242712,0.06448458665454959,-0.036545712685112204
acj6,-0.06025189692083851,0.04084264497574598,0.03094726098144998,-0.011538009036358148
al,0.00027284226704634855,-0.016505243884811727,0.03170913739797048,-0.01547673578020755
ato,0.016166558886941563,0.03300348864096307,0.008102909017018661,-0.0572729565449225
bigmax,-0.039740620373402,-0.0014069228779174639,-0.007480951893497064,0.04862849514481699
br,-0.11194509803933697,-0.05355042060350538,-0.00010217888795218546,0.1655976975307921
byn,0.019118118123948313,-0.0211711851165456,-0.022830641411379013,0.0248837084039766
cad,-0.11643337492262001,-0.36069374807253624,-0.07116849777670647,0.548295620771863
crp,-0.0640308323207918,0.034921844875701796,0.04620468595891694,-0.017095698513825988
cwo,0.055564513870431195,0.07775797433845914,-0.09676875459622403,-0.03655373361266722
da,-0.014658239822234007,-0.03119025765865318,0.03502048155689576,0.01082801592399211
egg,-0.00267031506693063,-0.00320455544709323,0.0032076575658355174,0.002667212948188323
en,-0.07224410808790747,-0.03440390156956921,0.022278365179116678,0.0843696444783596
eve,-0.07892184436862243,-0.04362711310322005,-0.01582154834237283,0.1383705058142139
exd,0.01173770791344399,0.0019699246689436796,0.022014931273574696,-0.03572256385596286
fkh,-0.021824161253850675,-0.010624168265508233,0.0294150690484842,0.0030332604708752492
fru,0.026669739206525666,0.06981835141929114,-0.07114337463659269,-0.025344715989222583
gcm,-0.004163279899825999,0.009317175530352195,-0.023732626493532874,0.018578730863007934
grh,-0.4189302540468219,-0.20436224302090433,0.300147706663102,0.3231447904046255
grn,-0.0448920812806526,0.007816572263808897,0.07578828858143116,-0.03871277956458662
gsb,-0.016900693304552666,-0.038761338239148714,0.13492909494434843,-0.07926706340064815
ham,-0.003918407081465215,0.03880218250410826,-0.017541289464726887,-0.01734248595791501
kay,0.02928888570843926,-0.19530287962611406,-0.0710621056417887,0.23707609955946674
kn,0.009079737864300108,-0.040015013765689236,-0.05220793811085423,0.08314321401224453
lbe,-0.014286749010303709,-0.0015933619995367246,-0.01573911304075782,0.031619224050597236
lola,0.5999381989736086,0.28803243648795507,-0.1500118598659037,-0.7379587755956581
maf-S,0.0030498178760319035,0.02899863092697159,-0.08911481674599828,0.057066367942994696
mid,0.04790193070068262,-0.09833748129823545,-0.02659439592930692,0.07702994652685853
nej,-0.3927655786302399,0.0004003601343053794,0.11124891327601037,0.2811163052199237
nub,-0.018993585992665474,-0.07756592607611747,0.05716410771008572,0.039395404358696866
pdm2,-0.0593085320876973,-0.002081832228073814,0.021396931323721776,0.03999343299204909
pho,0.022620445064428892,0.048935239473000616,-0.07832169238135586,0.006766007843924853
prd,-0.029780198923976146,0.03799323939164699,0.028179776379655387,-0.03639281684732475
shn,-0.08635035481856393,-0.04645440755587674,0.020915999766886868,0.11188876260755212
slp1,0.09859230117687601,0.01065044826221731,-0.007359672171185532,-0.10188307726790678
so,0.037195967185664106,0.0021048276064260436,0.05946082714799444,-0.0987616219400852
srp,-0.047509039513329715,0.026246771927850906,-0.005505426365237125,0.026767693950717555
ttk,-0.049032277224623035,0.06364834888744515,0.07150887676404465,-0.08612494842686651
twi,0.180946330593537,-0.05562599528981973,-0.10909106027920015,-0.016229275024518
usp,-0.004680220060953148,-0.009160607996227522,0.0409319819679576,-0.02709115391077903
