TF,coef,abs_coef
lola,0.5999381989736086,0.5999381989736086
grh,-0.4189302540468219,0.4189302540468219
nej,-0.3927655786302399,0.3927655786302399
Mef2,0.24699277141542036,0.24699277141542036
twi,0.180946330593537,0.180946330593537
E_(spl)m3-HLH,-0.15247217444895972,0.15247217444895972
cad,-0.11643337492262001,0.11643337492262001
br,-0.11194509803933697,0.11194509803933697
E_(spl)mbeta-HLH,0.10668059560866144,0.10668059560866144
Dll,0.10460774437721884,0.10460774437721884
slp1,0.09859230117687601,0.09859230117687601
Atf3,0.09216138452144458,0.09216138452144458
shn,-0.08635035481856393,0.08635035481856393
ZIPIC,-0.07979561029411322,0.07979561029411322
eve,-0.07892184436862243,0.07892184436862243
en,-0.07224410808790747,0.07224410808790747
Sry-delta,-0.06467732175263706,0.06467732175263706
crp,-0.0640308323207918,0.0640308323207918
Dr,0.0631326318978168,0.0631326318978168
Kah,-0.06306722395848322,0.06306722395848322
acj6,-0.06025189692083851,0.06025189692083851
pdm2,-0.0593085320876973,0.0593085320876973
Su_(H),0.0574073761100712,0.0574073761100712
cwo,0.055564513870431195,0.055564513870431195
achi,-0.05160546368868001,0.05160546368868001
E_(spl)m7-HLH,0.051429167447106,0.051429167447106
ttk,-0.049032277224623035,0.049032277224623035
mid,0.04790193070068262,0.04790193070068262
srp,-0.047509039513329715,0.047509039513329715
grn,-0.0448920812806526,0.0448920812806526
CG3328,0.04488083257815577,0.04488083257815577
ac,0.04300959978902139,0.04300959978902139
Dref,-0.04141363688191959,0.04141363688191959
Max,-0.04101871742451129,0.04101871742451129
bigmax,-0.039740620373402,0.039740620373402
Blimp-1,0.03857385157353799,0.03857385157353799
so,0.037195967185664106,0.037195967185664106
E_(spl)m8-HLH,-0.03626611487752261,0.03626611487752261
Jra,0.03611491575922923,0.03611491575922923
Zif,-0.034113682012646106,0.034113682012646106
NK7.1,0.03345025633085382,0.03345025633085382
SoxN,0.03281378406143862,0.03281378406143862
Hr78,0.030476527355620262,0.030476527355620262
REPTOR-BP,0.030004196590891128,0.030004196590891128
Sox21b,-0.029867866988530473,0.029867866988530473
prd,-0.029780198923976146,0.029780198923976146
CG9727,-0.029289623260668973,0.029289623260668973
kay,0.02928888570843926,0.02928888570843926
Sin3A,0.028193359897156413,0.028193359897156413
fru,0.026669739206525666,0.026669739206525666
CG11085,0.02507383987838146,0.02507383987838146
Dif,-0.02470093248600404,0.02470093248600404
pho,0.022620445064428892,0.022620445064428892
Poxn,-0.022302126046131982,0.022302126046131982
fkh,-0.021824161253850675,0.021824161253850675
Pdp1,0.020679863064481312,0.020679863064481312
SREBP,0.020194256386125115,0.020194256386125115
byn,0.019118118123948313,0.019118118123948313
nub,-0.018993585992665474,0.018993585992665474
CG5641,0.018091229639411312,0.018091229639411312
E_(spl)m5-HLH,0.017817420170188076,0.017817420170188076
Nf-YC,0.017815451448131257,0.017815451448131257
gsb,-0.016900693304552666,0.016900693304552666
Taf6,-0.016180996574780233,0.016180996574780233
ato,0.016166558886941563,0.016166558886941563
NfI,0.016158818175459336,0.016158818175459336
Sox14,0.015304863490233108,0.015304863490233108
da,-0.014658239822234007,0.014658239822234007
lbe,-0.014286749010303709,0.014286749010303709
CrebA,0.013835632654054804,0.013835632654054804
BEAF-32,0.01262270883504825,0.01262270883504825
Mitf,-0.011857849146791178,0.011857849146791178
exd,0.01173770791344399,0.01173770791344399
Sirt6,-0.010644905827839168,0.010644905827839168
Ets96B,-0.009919735738669583,0.009919735738669583
ERR,0.009159683412090358,0.009159683412090358
kn,0.009079737864300108,0.009079737864300108
Sox100B,-0.008735257823013216,0.008735257823013216
TFAM,0.008402735483956175,0.008402735483956175
GATAd,0.007895193176727051,0.007895193176727051
Myb,-0.007821110390786978,0.007821110390786978
usp,-0.004680220060953148,0.004680220060953148
Rx,0.004284590954589075,0.004284590954589075
gcm,-0.004163279899825999,0.004163279899825999
ham,-0.003918407081465215,0.003918407081465215
maf-S,0.0030498178760319035,0.0030498178760319035
egg,-0.00267031506693063,0.00267031506693063
Stat92E,0.001466821833515344,0.001466821833515344
al,0.00027284226704634855,0.00027284226704634855
