eps,tau,mass,max_abs_corr
0.02,1.0,1.0313513372896268,0.09800919570119321
0.02,5.0,1.0032740610011448,0.10415778110396134
0.02,50.0,0.9997591693839156,0.10787082128339347
0.05,1.0,1.2180880558414209,0.11203521705244171
0.05,5.0,1.0381927154414277,0.11419085712962486
0.05,50.0,1.003382345212704,0.11814967244463223
0.1,1.0,1.6801395926352414,0.15413934740172888
0.1,5.0,1.1107773721936964,0.1546570551008998
0.1,50.0,1.01047510737322,0.1547581534310065
0.2,1.0,3.3318468226776368,0.2397009277790543
0.2,5.0,1.2921253571007685,0.23835968881062441
0.2,50.0,1.0262587482832268,0.2378763681677271
