stage,step,nb,kl,sup,tc,adv
pre,0,3293.419677734375,7.38237940822728e-05,,,
pre,200,1079.9075927734375,0.18451790511608124,,,
pre,400,1035.4013671875,0.1644899547100067,,,
pre,600,1014.5330810546875,0.14116443693637848,,,
pre,800,1000.2508544921875,0.11682625114917755,,,
pre,1000,991.7158203125,0.10656798630952835,,,
pre,1200,984.1109619140625,0.09807148575782776,,,
pre,1400,975.0120849609375,0.09107628464698792,,,
pre,1600,964.2034301757812,0.08547500520944595,,,
pre,1800,954.8092041015625,0.08250780403614044,,,
pre,2000,946.3547973632812,0.07984138280153275,,,
pre,2200,939.6521606445312,0.0730043575167656,,,
pre,2400,930.9454956054688,0.07655464857816696,,,
pre,2600,925.6464233398438,0.0755709633231163,,,
pre,2800,920.8871459960938,0.07584431022405624,,,
pre,3000,917.4352416992188,0.075098916888237,,,
pre,3200,914.1181030273438,0.07582085579633713,,,
pre,3400,911.695556640625,0.0765269473195076,,,
pre,3600,909.0316162109375,0.07785318791866302,,,
pre,3800,908.3541259765625,0.07536084204912186,,,
pre,4000,905.6642456054688,0.07635730504989624,,,
pre,4200,904.0438842773438,0.07650645077228546,,,
pre,4400,903.4205932617188,0.07505995035171509,,,
pre,4600,901.7752075195312,0.07784200459718704,,,
pre,4800,901.112548828125,0.0785081684589386,,,
pre,5000,900.1648559570312,0.07765445113182068,,,
pre,5200,899.5472412109375,0.07807021588087082,,,
pre,5400,898.8356323242188,0.07893294095993042,,,
pre,5600,898.3273315429688,0.07621021568775177,,,
pre,5800,897.8836059570312,0.07471074163913727,,,
pre,6000,897.5128784179688,0.074773870408535,,,
pre,6200,896.9515991210938,0.07582519948482513,,,
pre,6400,896.2708740234375,0.07539042085409164,,,
pre,6600,896.9692993164062,0.07310867309570312,,,
pre,6800,898.3056640625,0.07447236776351929,,,
pre,7000,895.2300415039062,0.077410027384758,,,
pre,7200,895.6525268554688,0.0749192088842392,,,
pre,7400,895.2637329101562,0.07580279558897018,,,
pre,7600,894.89599609375,0.0761270672082901,,,
pre,7800,894.975341796875,0.07540415227413177,,,
pre,8000,893.9976806640625,0.07757993787527084,,,
pre,8200,895.1136474609375,0.0724426656961441,,,
pre,8400,894.0964965820312,0.07648387551307678,,,
pre,8600,893.8475341796875,0.07473423331975937,,,
pre,8800,893.7223510742188,0.07428967952728271,,,
pre,9000,893.8272705078125,0.07378051429986954,,,
pre,9200,894.3043823242188,0.07406497746706009,,,
pre,9400,893.13623046875,0.07539274543523788,,,
pre,9600,893.1839599609375,0.07535447180271149,,,
pre,9800,897.2591552734375,0.0761866420507431,,,
pre,10000,893.0450439453125,0.07644129544496536,,,
pre,10200,893.4490356445312,0.0761956125497818,,,
pre,10400,892.7656860351562,0.07432948052883148,,,
pre,10600,892.780517578125,0.0763329565525055,,,
pre,10800,892.7229614257812,0.07468448579311371,,,
pre,11000,892.3084106445312,0.07394781708717346,,,
pre,11200,892.3651733398438,0.07399720698595047,,,
pre,11400,892.3870239257812,0.07627896964550018,,,
pre,11600,892.685546875,0.07420731335878372,,,
pre,11800,891.8406372070312,0.07257937639951706,,,
pre,12000,893.3880004882812,0.07396496832370758,,,
pre,12200,891.8348388671875,0.07357423007488251,,,
pre,12400,891.9547119140625,0.07383589446544647,,,
pre,12600,891.6502075195312,0.07255449891090393,,,
pre,12800,891.591796875,0.07526914775371552,,,
pre,13000,891.3848876953125,0.0743023157119751,,,
pre,13200,891.7031860351562,0.0739603042602539,,,
pre,13400,891.7124633789062,0.07243693619966507,,,
pre,13600,891.93603515625,0.07321634888648987,,,
pre,13800,891.0902099609375,0.07415242493152618,,,
pre,14000,891.2354736328125,0.07401006668806076,,,
pre,14200,891.1719970703125,0.07137694209814072,,,
pre,14400,891.0160522460938,0.07291495054960251,,,
pre,14600,891.324951171875,0.07234304398298264,,,
pre,14800,890.7608642578125,0.07374158501625061,,,
pre,15000,890.7440185546875,0.07189065217971802,,,
pre,15200,891.2883911132812,0.07216916233301163,,,
pre,15400,891.0426025390625,0.07221823185682297,,,
pre,15600,890.8511962890625,0.07088296115398407,,,
pre,15800,890.5950927734375,0.06971120834350586,,,
pre,16000,890.2276611328125,0.07276423275470734,,,
pre,16200,890.0980224609375,0.07178562879562378,,,
pre,16400,890.4303588867188,0.07045120000839233,,,
pre,16600,889.92578125,0.07087618112564087,,,
pre,16800,890.5891723632812,0.07206722348928452,,,
pre,17000,890.0587158203125,0.07152672857046127,,,
pre,17200,890.7290649414062,0.07092752307653427,,,
pre,17400,890.6236572265625,0.070654958486557,,,
pre,17600,890.1627807617188,0.07156173139810562,,,
pre,17800,889.2408447265625,0.07025384157896042,,,
pre,18000,889.9691772460938,0.07156124711036682,,,
pre,18200,890.2182006835938,0.07087816298007965,,,
pre,18400,889.2230224609375,0.07125929743051529,,,
pre,18600,889.0494995117188,0.07120522111654282,,,
pre,18800,889.294921875,0.07132620364427567,,,
pre,19000,889.5066528320312,0.06955944746732712,,,
pre,19200,889.4251098632812,0.06923308968544006,,,
pre,19400,889.1818237304688,0.07149607688188553,,,
pre,19600,889.15283203125,0.07086372375488281,,,
pre,19800,889.9476318359375,0.07210148125886917,,,
pre,20000,889.0843505859375,0.06973817199468613,,,
pre,20200,888.39599609375,0.07134132087230682,,,
pre,20400,888.6036376953125,0.07013559341430664,,,
pre,20600,888.6351318359375,0.07124810665845871,,,
pre,20800,888.9330444335938,0.07044472545385361,,,
pre,21000,888.9669189453125,0.07028578221797943,,,
pre,21200,889.405029296875,0.07008723169565201,,,
pre,21400,888.9720458984375,0.07144703716039658,,,
pre,21600,888.46484375,0.07108473032712936,,,
pre,21800,888.9539184570312,0.0697384923696518,,,
pre,22000,890.3133544921875,0.07082100957632065,,,
pre,22200,888.53662109375,0.068763867020607,,,
pre,22400,888.6183471679688,0.07076817005872726,,,
pre,22600,889.7263793945312,0.06906811147928238,,,
pre,22800,889.4815673828125,0.07077741622924805,,,
pre,23000,888.6776733398438,0.06971898674964905,,,
pre,23200,888.1047973632812,0.07014230638742447,,,
pre,23400,887.9566650390625,0.07000447064638138,,,
pre,23600,888.071533203125,0.0709613561630249,,,
pre,23800,889.4265747070312,0.07065639644861221,,,
pre,24000,888.3531494140625,0.07010620087385178,,,
pre,24200,889.8410034179688,0.07040153443813324,,,
pre,24400,889.4332275390625,0.07061497867107391,,,
pre,24600,889.0144653320312,0.07192856073379517,,,
pre,24800,888.1688232421875,0.06893479824066162,,,
pre,25000,888.0978393554688,0.06950697302818298,,,
pre,25200,887.7042846679688,0.06980141252279282,,,
pre,25400,888.2108154296875,0.0694008320569992,,,
pre,25600,888.0028686523438,0.0694970190525055,,,
pre,25800,888.0556640625,0.06978438049554825,,,
pre,26000,887.5796508789062,0.06974784284830093,,,
pre,26200,887.93017578125,0.0694478452205658,,,
pre,26400,887.24658203125,0.06956212967634201,,,
pre,26600,887.8927001953125,0.06876669824123383,,,
pre,26800,887.3526000976562,0.06949695199728012,,,
pre,27000,887.6384887695312,0.06945548206567764,,,
pre,27200,888.296630859375,0.06910118460655212,,,
pre,27400,888.0037231445312,0.06859912723302841,,,
pre,27600,887.4550170898438,0.07005742192268372,,,
pre,27800,890.099365234375,0.06844295561313629,,,
pre,28000,888.7894287109375,0.07039102911949158,,,
pre,28200,887.6658935546875,0.06962277740240097,,,
pre,28400,887.586181640625,0.06947366148233414,,,
pre,28600,888.1732788085938,0.06883074343204498,,,
pre,28800,888.5328369140625,0.06980530172586441,,,
pre,29000,887.5126953125,0.06912011653184891,,,
pre,29200,886.8088989257812,0.06905991584062576,,,
pre,29400,888.4495849609375,0.07011187821626663,,,
pre,29600,888.0546875,0.06977362185716629,,,
pre,29800,887.0487060546875,0.06784842908382416,,,
pre,30000,886.764892578125,0.06927301734685898,,,
pre,30200,888.3819580078125,0.06888467073440552,,,
pre,30400,887.6689453125,0.06916317343711853,,,
pre,30600,887.4969482421875,0.0696469321846962,,,
pre,30800,887.9910888671875,0.06842479854822159,,,
pre,31000,887.2176513671875,0.06835411489009857,,,
pre,31200,887.7542724609375,0.06962814182043076,,,
pre,31400,887.5025634765625,0.07020680606365204,,,
pre,31600,887.9435424804688,0.06883379817008972,,,
pre,31800,888.392578125,0.06965398788452148,,,
sup,0,887.1787109375,0.068198062479496,0.0001556647475808859,0.0001711820368655026,
sup,200,887.036865234375,0.06883319467306137,0.02837897650897503,0.00018291625019628555,
sup,400,886.286865234375,0.06938765943050385,0.054926492273807526,0.00020817636686842889,
sup,600,886.9620971679688,0.06874829530715942,0.08160059154033661,0.0001632741914363578,
sup,800,888.2478637695312,0.06943908333778381,0.10896182060241699,0.00019178001093678176,
sup,1000,886.41015625,0.06902056932449341,0.1354455202817917,0.00020575791131705046,
sup,1200,886.8841552734375,0.0684872418642044,0.16246655583381653,0.00019330339273437858,
sup,1400,886.3125610351562,0.0689329132437706,0.19122204184532166,0.00022086694661993533,
sup,1600,886.271240234375,0.06898494809865952,0.21624967455863953,0.00019271763449069113,
sup,1800,888.11669921875,0.0693259984254837,0.2440115064382553,0.00018752788309939206,
sup,2000,886.6511840820312,0.06853310763835907,0.2709764242172241,0.00015107162471394986,
sup,2200,886.6395874023438,0.06797377020120621,0.29847466945648193,0.0001287928462261334,
sup,2400,886.8241577148438,0.06712981313467026,0.32394933700561523,0.00016588273865636438,
sup,2600,887.5617065429688,0.06910278648138046,0.3506004214286804,0.00016081231296993792,
sup,2800,886.1233520507812,0.06847534328699112,0.37906014919281006,0.00018096022540703416,
sup,3000,886.324462890625,0.06880175322294235,0.4032280445098877,0.00018062796152662486,
sup,3200,886.5838012695312,0.06879588216543198,0.42959335446357727,0.0002417799987597391,
sup,3400,888.3767700195312,0.06926203519105911,0.4590880274772644,0.0001340016460744664,
sup,3600,886.7656860351562,0.06886518746614456,0.4864688515663147,0.0001561749231768772,
sup,3800,886.7164306640625,0.06969667971134186,0.5114571452140808,0.00024143543851096183,
sup,4000,885.9398803710938,0.06871587783098221,0.5480180382728577,0.00020800542552024126,
sup,4200,886.473388671875,0.0688914805650711,0.5627288222312927,0.0001960440567927435,
sup,4400,886.9490356445312,0.06869048625230789,0.5885674953460693,0.00016171926108654588,
sup,4600,887.2562866210938,0.0690048485994339,0.617690920829773,0.0002278059982927516,
sup,4800,885.8119506835938,0.06849382072687149,0.641696572303772,0.00018769234884530306,
sup,5000,886.209716796875,0.06870973110198975,0.6692935824394226,0.00021036004181951284,
sup,5200,886.232666015625,0.0682871863245964,0.695619523525238,0.00014660922170151025,
sup,5400,885.8062133789062,0.06814664602279663,0.7194413542747498,0.00015518169675488025,
sup,5600,886.0990600585938,0.06916458159685135,0.7478857040405273,0.00017509970348328352,
sup,5800,885.7620239257812,0.06939318031072617,0.7727295160293579,0.0001669877819949761,
sup,6000,886.06494140625,0.06889503449201584,0.7987813353538513,0.00015930818335618824,
sup,6200,885.7166748046875,0.06939458101987839,0.8239920139312744,0.00015591429837513715,
sup,6400,886.3076171875,0.06789980828762054,0.8503034114837646,0.00016102820518426597,
sup,6600,885.4671630859375,0.06934790313243866,0.8756633400917053,0.0001582144759595394,
sup,6800,886.3451538085938,0.06850571185350418,0.9036195874214172,0.00022221275139600039,
sup,7000,886.5219116210938,0.06811315566301346,0.9288464188575745,0.00014237673894967884,
sup,7200,885.1411743164062,0.06837674230337143,0.9535627365112305,0.00013343220052774996,
sup,7400,885.0662841796875,0.06877484917640686,0.9799337983131409,0.0001301471347687766,
sup,7600,885.2616577148438,0.06929580122232437,1.0065349340438843,0.0001889597187982872,
sup,7800,887.2841796875,0.06982527673244476,1.0373473167419434,0.00014023410039953887,
sup,8000,886.6680297851562,0.0689200907945633,1.0603421926498413,0.00018516562704462558,
sup,8200,885.7713623046875,0.06873676925897598,1.084167242050171,0.00015167001402005553,
sup,8400,886.3856201171875,0.06845100969076157,1.1114333868026733,0.0001558525109430775,
sup,8600,886.1494140625,0.06883332133293152,1.146498441696167,0.0001607449521543458,
sup,8800,885.4124145507812,0.06867808848619461,1.1604385375976562,0.00017142730939667672,
sup,9000,886.4031982421875,0.06821973621845245,1.18837308883667,0.00012294277257751673,
sup,9200,885.3851928710938,0.0678296908736229,1.2140638828277588,0.00011889568850165233,
sup,9400,885.56103515625,0.06903150677680969,1.2437070608139038,0.00014247999934013933,
sup,9600,884.97314453125,0.06841165572404861,1.2654178142547607,0.00012524831981863827,
sup,9800,884.8904418945312,0.06850981712341309,1.2901675701141357,0.00013924684026278555,
sup,10000,885.9074096679688,0.06911943852901459,1.3252795934677124,0.00013443508942145854,
sup,10200,885.0318603515625,0.06831365078687668,1.3541427850723267,0.00011991376959485933,
sup,10400,884.7557983398438,0.06829093396663666,1.3688169717788696,0.00013816032151225954,
sup,10600,885.7405395507812,0.06871046125888824,1.3971507549285889,0.00015523942420259118,
sup,10800,885.58447265625,0.06870028376579285,1.4187239408493042,0.0001018428520183079,
sup,11000,885.1494140625,0.06861753016710281,1.4524515867233276,0.00015305668057408184,
sup,11200,886.1248779296875,0.06735233217477798,1.4728485345840454,9.282191604143009e-05,
sup,11400,885.0790405273438,0.06854888051748276,1.4967713356018066,0.0001337060530204326,
sup,11600,885.518310546875,0.06882275640964508,1.5209273099899292,0.00013121942174620926,
sup,11800,885.5011596679688,0.0675317719578743,1.5475374460220337,8.854252519086003e-05,
sup,12000,885.0396728515625,0.0684584304690361,1.569968819618225,0.00010435692820465192,
sup,12200,885.3767700195312,0.06812024861574173,1.6068615913391113,0.00016828843217808753,
sup,12400,885.0556640625,0.06841900199651718,1.640419840812683,0.00010629693133523688,
sup,12600,885.4288330078125,0.06860821694135666,1.6488579511642456,0.00011817199265351519,
sup,12800,885.4117431640625,0.06862124800682068,1.674223780632019,0.00011173685925314203,
sup,13000,888.4398803710938,0.06895877420902252,1.7235486507415771,9.579568722983822e-05,
sup,13200,884.9657592773438,0.0687163770198822,1.7260841131210327,0.00015635525051038712,
sup,13400,885.1292724609375,0.06896144151687622,1.7551227807998657,0.00010397173900855705,
sup,13600,884.942626953125,0.06817299127578735,1.7747546434402466,0.00010350470256526023,
sup,13800,885.8720092773438,0.06772397458553314,1.8059049844741821,0.00010973034659400582,
sup,14000,885.8515014648438,0.06911559402942657,1.836579442024231,9.462458547204733e-05,
sup,14200,885.1761474609375,0.06875507533550262,1.8513870239257812,0.00014428130816668272,
sup,14400,884.7303466796875,0.0682336688041687,1.8947296142578125,0.00011003779945895076,
sup,14600,885.19140625,0.06833407282829285,1.9021745920181274,0.00012036889529554173,
sup,14800,884.610107421875,0.0686025321483612,1.9271293878555298,0.000136218688567169,
sup,15000,885.1110229492188,0.06965993344783783,1.9607234001159668,0.00012200665514683351,
sup,15200,884.7752075195312,0.06885148584842682,1.9777699708938599,0.0001184002248919569,
sup,15400,885.2883911132812,0.06787838786840439,2.004058361053467,7.753620593575761e-05,
sup,15600,884.5699462890625,0.0682726800441742,2.037421703338623,0.00011737080058082938,
sup,15800,884.7597045898438,0.06841908395290375,2.0785279273986816,0.00013300130376592278,
sup,16000,884.7833251953125,0.06787761300802231,2.08050799369812,8.896309736883268e-05,
sup,16200,884.9279174804688,0.06833882629871368,2.116194725036621,0.000129802618175745,
sup,16400,884.6132202148438,0.06810087710618973,2.1305723190307617,0.00011972724314546213,
sup,16600,885.4189453125,0.06867219507694244,2.1638174057006836,0.00011522589920787141,
sup,16800,884.8314819335938,0.06902677565813065,2.178786039352417,0.0001269116037292406,
sup,17000,884.5513305664062,0.06834527850151062,2.208081007003784,0.00010140299855265766,
sup,17200,886.0880126953125,0.06848292052745819,2.24343204498291,7.60044131311588e-05,
sup,17400,886.7135009765625,0.06827738881111145,2.2876651287078857,0.00014699724852107465,
sup,17600,885.1151123046875,0.06733081489801407,2.2892775535583496,0.00011250310490140691,
sup,17800,885.2235107421875,0.0683412030339241,2.3096563816070557,0.0001397806772729382,
sup,18000,884.1612548828125,0.06841117143630981,2.3276431560516357,0.0001389767712680623,
sup,18200,884.0636596679688,0.06833147257566452,2.3537099361419678,0.00011769982666010037,
sup,18400,884.6159057617188,0.06887787580490112,2.382843255996704,0.00013297051191329956,
sup,18600,884.9297485351562,0.06799274682998657,2.407442331314087,0.00013828130613546818,
sup,18800,884.8916015625,0.06847691535949707,2.4455177783966064,9.331935143563896e-05,
sup,19000,884.5150756835938,0.06893739104270935,2.4602367877960205,0.00013557633792515844,
sup,19200,885.2157592773438,0.06865198165178299,2.4902560710906982,0.00011134927626699209,
sup,19400,883.8402099609375,0.06815813481807709,2.5048720836639404,0.00013863628555554897,
sup,19600,884.043212890625,0.06801924109458923,2.538327217102051,0.0001197069650515914,
sup,19800,885.408447265625,0.06846017390489578,2.5557923316955566,0.00013189365563448519,
sup,20000,884.0552978515625,0.06805147975683212,2.5796449184417725,0.0001323132892139256,
sup,20200,887.483154296875,0.0669514387845993,2.6241753101348877,0.00012838775001000613,
sup,20400,884.5540771484375,0.06823199987411499,2.6321218013763428,0.00012851956125814468,
sup,20600,885.4761352539062,0.06903765350580215,2.6562395095825195,0.00012342262198217213,
sup,20800,885.5023803710938,0.06775853782892227,2.690601348876953,0.00016412696277257055,
sup,21000,884.5714111328125,0.06827297806739807,2.7490482330322266,0.00014415732584893703,
sup,21200,884.3511962890625,0.06822390854358673,2.7419347763061523,0.00011847844871226698,
sup,21400,883.8562622070312,0.06834699958562851,2.755688428878784,0.00013372425746638328,
sup,21600,885.1710815429688,0.06733271479606628,2.7876029014587402,0.00011632874520728365,
sup,21800,884.1998291015625,0.06798143684864044,2.820216655731201,0.00011990331404376775,
sup,22000,883.6483154296875,0.06805410236120224,2.828338623046875,0.0001473958109272644,
sup,22200,884.828125,0.06895769387483597,2.8562705516815186,0.0001710597425699234,
sup,22400,884.7039794921875,0.06842236965894699,2.889601230621338,0.0001301701704505831,
sup,22600,884.0944213867188,0.0685420036315918,2.902125120162964,0.00014502306294161826,
sup,22800,883.70654296875,0.06815304607152939,2.929896116256714,0.00012853839143645018,
sup,23000,884.9470825195312,0.06765015423297882,2.968729257583618,0.00016766255430411547,
sup,23200,884.4957275390625,0.06851307302713394,2.989658832550049,0.00023390597198158503,
sup,23400,885.40673828125,0.06732442229986191,3.0213980674743652,0.00011383099626982585,
sup,23600,883.637939453125,0.06855420768260956,3.0252652168273926,0.00014599913265556097,
sup,23800,884.606689453125,0.06925482302904129,3.064358711242676,0.00019651561160571873,
sup,24000,884.8513793945312,0.06820690631866455,3.086435317993164,0.00014798760821577162,
sup,24200,884.2312622070312,0.0686807855963707,3.1101224422454834,0.0002071065391646698,
sup,24400,887.747314453125,0.06934459507465363,3.2324013710021973,0.00025420644669793546,
sup,24600,884.130859375,0.06846930086612701,3.156376600265503,0.000170600920682773,
sup,24800,884.954345703125,0.06915552914142609,3.1894752979278564,0.00020526675507426262,
sup,25000,884.244140625,0.067546546459198,3.2043473720550537,0.0001608121528988704,
sup,25200,883.9149169921875,0.06834673881530762,3.2495830059051514,0.00013745887554250658,
sup,25400,883.4876708984375,0.06835458427667618,3.2527015209198,0.0001582573604537174,
sup,25600,884.2135009765625,0.06814215332269669,3.2740225791931152,0.0001837244490161538,
sup,25800,885.7704467773438,0.06867998093366623,3.3096048831939697,0.00017492854385636747,
sup,26000,883.702880859375,0.06849756836891174,3.3227546215057373,0.00016435763973277062,
sup,26200,884.0003662109375,0.06838260591030121,3.3690185546875,0.0001380657049594447,
sup,26400,883.771484375,0.06829794496297836,3.381505250930786,0.00016242032870650291,
sup,26600,883.6986694335938,0.06795802712440491,3.403334617614746,0.0001459471241105348,
sup,26800,883.3832397460938,0.06808333098888397,3.4196555614471436,0.00017987120372708887,
sup,27000,884.2969970703125,0.06821319460868835,3.4498395919799805,0.00015284214168787003,
sup,27200,884.3580322265625,0.06865430623292923,3.4794089794158936,0.00015716506459284574,
sup,27400,884.6348876953125,0.0680367723107338,3.510854721069336,0.0001853023422881961,
sup,27600,883.7005004882812,0.06810007989406586,3.518930673599243,0.00015531726239714772,
sup,27800,884.365478515625,0.06822093576192856,3.5631115436553955,0.00017176642722915858,
sup,28000,883.1971435546875,0.06805538386106491,3.5672669410705566,0.0001804996281862259,
sup,28200,884.1231079101562,0.06833264231681824,3.5979244709014893,0.00016810244414955378,
sup,28400,884.0599975585938,0.06755094975233078,3.6242549419403076,0.0001822667254600674,
sup,28600,883.762939453125,0.06773525476455688,3.649143934249878,0.00018251761503051966,
sup,28800,884.6246337890625,0.0683048665523529,3.722433090209961,0.0002238407323602587,
sup,29000,884.6140747070312,0.06740791350603104,3.7039222717285156,0.00013099696661811322,
sup,29200,883.5963134765625,0.06861772388219833,3.721322536468506,0.00021497612760867923,
sup,29400,883.5621337890625,0.0681767612695694,3.7409873008728027,0.00017390660650562495,
sup,29600,884.5632934570312,0.06911750137805939,3.7987332344055176,0.00025442460901103914,
sup,29800,884.120361328125,0.06867126375436783,3.7948038578033447,0.00018894494860433042,
sup,30000,883.8646850585938,0.06762140989303589,3.816589832305908,0.00019268396135885268,
sup,30200,883.7791137695312,0.06801176816225052,3.8419482707977295,0.00019406834326218814,
sup,30400,883.3162231445312,0.06763352453708649,3.8681085109710693,0.00018595320580061525,
sup,30600,885.4031982421875,0.06824038922786713,3.916539430618286,0.00012904331379104406,
sup,30800,884.592041015625,0.06789948791265488,3.9238224029541016,0.00013240554835647345,
sup,31000,884.06787109375,0.06792190670967102,3.9803600311279297,0.00016972543380688876,
sup,31200,883.7152709960938,0.06875867396593094,3.980523109436035,0.00020374348969198763,
sup,31400,884.6693725585938,0.06824486702680588,3.985973358154297,0.00019876006990671158,
sup,31600,883.80810546875,0.06825478374958038,4.024099826812744,0.0002210025704698637,
sup,31800,883.9976806640625,0.06812785565853119,4.0426506996154785,0.00019457995949778706,
sup,32000,883.946044921875,0.06847397238016129,4.060634613037109,0.00023749015235807747,
sup,32200,882.969970703125,0.06811438500881195,4.083370208740234,0.00021197731257416308,
sup,32400,883.3212890625,0.06862161308526993,4.1086297035217285,0.00018394191283732653,
sup,32600,883.6148681640625,0.06853913515806198,4.139869689941406,0.000190261474926956,
sup,32800,883.7127075195312,0.06877164542675018,4.158371925354004,0.00021721729717683047,
sup,33000,883.0492553710938,0.06793823838233948,4.2019877433776855,0.0002037837402895093,
sup,33200,883.6549072265625,0.06926871836185455,4.2360029220581055,0.00029882797389291227,
sup,33400,883.260009765625,0.06819973140954971,4.24627161026001,0.0002210909588029608,
sup,33600,883.2728271484375,0.06915377080440521,4.39150857925415,0.00029250033549033105,
sup,33800,883.2649536132812,0.06849251687526703,4.299098491668701,0.0002827521529980004,
sup,34000,883.1551513671875,0.0683010071516037,4.305671215057373,0.00021758166258223355,
sup,34200,884.2429809570312,0.06867416203022003,4.371894836425781,0.00020266920910216868,
sup,34400,883.2769165039062,0.06809715926647186,4.385500907897949,0.00023342353233601898,
sup,34600,883.5670776367188,0.06792805343866348,4.486723899841309,0.00020149974443484098,
sup,34800,883.4364013671875,0.0686454325914383,4.512524127960205,0.00026634728419594467,
sup,35000,883.3192138671875,0.06853806972503662,4.452535629272461,0.0002227934601251036,
sup,35200,883.0845947265625,0.06787379086017609,4.48781156539917,0.00019668547611217946,
sup,35400,883.2265625,0.06851626932621002,4.482551097869873,0.0002887847076635808,
sup,35600,883.024169921875,0.06837135553359985,4.496842861175537,0.00021866107999812812,
sup,35800,883.1206665039062,0.06856629997491837,4.52683687210083,0.00026162638096138835,
sup,36000,884.2708740234375,0.06856030225753784,4.571269989013672,0.00019301391148474067,
sup,36200,883.4637451171875,0.06852776557207108,4.661103248596191,0.0002769016136880964,
sup,36400,882.5142822265625,0.0681920051574707,4.590337753295898,0.00024137478612829,
sup,36600,882.7254638671875,0.06834924221038818,4.618114471435547,0.0002081730926875025,
sup,36800,883.119384765625,0.06796067208051682,4.665040493011475,0.00029387359973043203,
sup,37000,882.924072265625,0.06808199733495712,4.66729736328125,0.0002599361469037831,
sup,37200,883.7959594726562,0.06798262894153595,4.751367568969727,0.00016226278967224061,
sup,37400,883.8759765625,0.06856657564640045,4.763885021209717,0.00018073887622449547,
sup,37600,884.0751953125,0.06841279566287994,4.765689373016357,0.00024769699666649103,
sup,37800,882.805908203125,0.06829516589641571,4.798284530639648,0.00019794092804659158,
sup,38000,882.846435546875,0.06845487654209137,4.782654285430908,0.00023935751232784241,
sup,38200,882.5480346679688,0.06854111701250076,4.821838855743408,0.000256388884736225,
sup,38400,882.669921875,0.0682058185338974,4.839142322540283,0.00020548822067212313,
sup,38600,883.078369140625,0.0678827241063118,4.897907733917236,0.00023326124937739223,
sup,38800,882.4824829101562,0.06820929795503616,4.87966775894165,0.00023394174058921635,
sup,39000,884.6488037109375,0.0688684955239296,4.932820796966553,0.00026147617609240115,
sup,39200,883.9971313476562,0.06896314024925232,4.9456915855407715,0.00029931412427686155,
sup,39400,883.4813842773438,0.0686921626329422,5.000760555267334,0.00021888234186917543,
sup,39600,883.1588134765625,0.06854547560214996,4.994518280029297,0.0002561131550464779,
sup,39800,883.2811279296875,0.06792603433132172,5.026794910430908,0.0002000147069338709,
sup,40000,882.5137329101562,0.06809184700250626,5.024759769439697,0.0002485269505996257,
sup,40200,882.521240234375,0.06808627396821976,5.0505571365356445,0.00021873266086913645,
sup,40400,885.9807739257812,0.06748197972774506,5.208415508270264,0.00014333169383462518,
sup,40600,882.8223876953125,0.06796179711818695,5.174519062042236,0.0002933310461230576,
sup,40800,883.8049926757812,0.06778757274150848,5.15181303024292,0.00026597638498060405,
sup,41000,882.7362670898438,0.06816664338111877,5.149848461151123,0.0002145232865586877,
sup,41200,886.5791625976562,0.06922784447669983,5.211298942565918,0.00022339292627293617,
sup,41400,882.7051391601562,0.06793171167373657,5.193238735198975,0.00023483728000428528,
sup,41600,883.9728393554688,0.06867936998605728,5.229618072509766,0.0002768597041722387,
sup,41800,883.3370361328125,0.06846413016319275,5.267567157745361,0.00022258223907556385,
sup,42000,883.9157104492188,0.06848076730966568,5.32100772857666,0.00026258992147631943,
sup,42200,882.360595703125,0.06825018674135208,5.314175605773926,0.0002547253097873181,
sup,42400,882.8209838867188,0.06800270080566406,5.3175482749938965,0.00024147632939275354,
sup,42600,883.3201904296875,0.06847337633371353,5.365048885345459,0.0002914926444645971,
sup,42800,882.9476928710938,0.06837056577205658,5.382481575012207,0.00033509323839098215,
sup,43000,882.8431396484375,0.06805351376533508,5.398068904876709,0.00022568556596525013,
sup,43200,885.0,0.06820312142372131,5.435388088226318,0.00019376292766537517,
sup,43400,883.9140014648438,0.06839077919721603,5.486388206481934,0.0002580161963123828,
sup,43600,883.5679321289062,0.06812383979558945,5.474637508392334,0.0002082588180201128,
sup,43800,883.284912109375,0.06869683414697647,5.512231349945068,0.00027620350010693073,
sup,44000,882.564697265625,0.06834208965301514,5.505716323852539,0.00023232652165461332,
sup,44200,883.243896484375,0.06860242784023285,5.535747528076172,0.0003170441777911037,
sup,44400,882.8958740234375,0.06804849207401276,5.557365417480469,0.0003009704523719847,
sup,44600,882.2417602539062,0.06807387620210648,5.581566333770752,0.00030746959964744747,
sup,44800,882.4832763671875,0.0680338516831398,5.599963665008545,0.0002415288327028975,
sup,45000,882.2208862304688,0.06812944263219833,5.632149696350098,0.0002454234636388719,
sup,45200,882.6962890625,0.06848756968975067,5.652868270874023,0.000256943836575374,
sup,45400,883.2845458984375,0.06860844045877457,5.705592632293701,0.00018620947957970202,
sup,45600,883.7565307617188,0.06772713363170624,5.732265472412109,0.0002386798441875726,
sup,45800,882.914794921875,0.06795044243335724,5.725895881652832,0.00018013011140283197,
sup,46000,882.4464111328125,0.06808619201183319,5.744868755340576,0.0002814724575728178,
sup,46200,883.0977783203125,0.06808888912200928,5.778562068939209,0.00023849215358495712,
sup,46400,883.4356689453125,0.0676691085100174,5.826375961303711,0.0001669553021201864,
sup,46600,883.5123901367188,0.0679621696472168,5.854942321777344,0.0003196612815372646,
sup,46800,882.9580078125,0.068143829703331,5.869464874267578,0.00028707218007184565,
sup,47000,883.4583740234375,0.06852326542139053,5.893674850463867,0.00028710695914924145,
sup,47200,882.7262573242188,0.06832028925418854,5.913183212280273,0.0002629169321153313,
sup,47400,883.4397583007812,0.06784934550523758,6.228378772735596,0.00020193187810946256,
sup,47600,882.8923950195312,0.06862809509038925,5.969606399536133,0.00029439592617563903,
sup,47800,883.1597900390625,0.06864804029464722,5.994996547698975,0.00031758990371599793,
adv,0,882.5814208984375,0.0683404952287674,0.0001886048703454435,0.0002218632580479607,1.3833609819412231
adv,200,885.0834350585938,0.06820336729288101,0.03798406943678856,0.0004155953065492213,1.207039713859558
adv,400,881.9790649414062,0.0674096941947937,0.07572856545448303,0.0002861473767552525,1.1890355348587036
adv,600,881.9824829101562,0.06746655702590942,0.11358198523521423,0.00027684468659572303,1.1752055883407593
adv,800,883.6751708984375,0.0675850510597229,0.15961311757564545,0.000340376136591658,1.1662347316741943
adv,1000,884.033935546875,0.0680793821811676,0.19064819812774658,0.00038402428617700934,1.159588098526001
adv,1200,882.5549926757812,0.06704464554786682,0.2277422547340393,0.00018324237316846848,1.154004454612732
adv,1400,882.94482421875,0.06742023676633835,0.2665845453739166,0.00026898496435023844,1.1522891521453857
adv,1600,883.2102661132812,0.06764727085828781,0.3051455318927765,0.0002714117581490427,1.1484547853469849
adv,1800,882.4907836914062,0.06717327982187271,0.34184330701828003,0.0002580778382252902,1.1455923318862915
adv,2000,882.8026733398438,0.06772392243146896,0.38002994656562805,0.0003437511913944036,1.1442583799362183
adv,2200,882.1774291992188,0.06726302206516266,0.4187450110912323,0.00030947686173021793,1.1401320695877075
adv,2400,882.0130615234375,0.06732524931430817,0.45568403601646423,0.00023196838446892798,1.1384167671203613
adv,2600,883.6939697265625,0.06815192848443985,0.4934741258621216,0.00028727645985782146,1.1410877704620361
adv,2800,882.9992065429688,0.0671369731426239,0.5330789089202881,0.00024313575704582036,1.1371177434921265
adv,3000,882.0576171875,0.06718068569898605,0.5856209993362427,0.0002487138845026493,1.1321228742599487
adv,3200,881.94921875,0.06727579236030579,0.6077455282211304,0.00024775255587883294,1.1293753385543823
adv,3400,882.1767578125,0.06742114573717117,0.6473855376243591,0.00027770575252361596,1.1288400888442993
adv,3600,882.5262451171875,0.06758931279182434,0.685185432434082,0.0002459030074533075,1.1277544498443604
adv,3800,883.0489501953125,0.06686414778232574,0.7323409914970398,0.0003045972844120115,1.126967191696167
adv,4000,882.0770874023438,0.06687567383050919,0.761579155921936,0.00020185850735288113,1.124354600906372
adv,4200,882.6910400390625,0.06666846573352814,0.8018876314163208,0.0002598478167783469,1.1234413385391235
adv,4400,882.536865234375,0.06793375313282013,0.8368381857872009,0.0003187100519426167,1.118816614151001
adv,4600,882.1231079101562,0.0672559142112732,0.8751987218856812,0.00032096728682518005,1.1184656620025635
adv,4800,882.4603881835938,0.06731568276882172,0.9165326356887817,0.0002414885238977149,1.11967933177948
adv,5000,881.8828125,0.06763171404600143,0.9521982669830322,0.00027051521465182304,1.1157804727554321
adv,5200,882.7176513671875,0.06741711497306824,0.989285409450531,0.00022371333034243435,1.118984580039978
adv,5400,882.5253295898438,0.06737612187862396,1.0250897407531738,0.00025351066142320633,1.1146687269210815
adv,5600,882.4713134765625,0.06810395419597626,1.0655262470245361,0.00043963175266981125,1.1131532192230225
adv,5800,882.1868286132812,0.06785568594932556,1.1023943424224854,0.00022251227346714586,1.1115018129348755
adv,6000,881.8535766601562,0.06747468560934067,1.1423265933990479,0.00023199562565423548,1.1085329055786133
adv,6200,882.7914428710938,0.06780073046684265,1.1808141469955444,0.0003707866126205772,1.1121459007263184
adv,6400,882.869384765625,0.0681772232055664,1.2225099802017212,0.00024411737103946507,1.107466459274292
adv,6600,882.479248046875,0.06750966608524323,1.2549188137054443,0.0002601395535748452,1.110148549079895
adv,6800,882.9100341796875,0.06742013990879059,1.294109582901001,0.00023521094408351928,1.108872652053833
adv,7000,883.9328002929688,0.06804454326629639,1.3331365585327148,0.000236380219575949,1.1083953380584717
adv,7200,882.9053955078125,0.06761445105075836,1.3693684339523315,0.00020566675812005997,1.1057121753692627
adv,7400,881.7262573242188,0.06770766526460648,1.404587745666504,0.0002785058750305325,1.1026051044464111
adv,7600,882.0416259765625,0.06758039444684982,1.444876790046692,0.0002838359505403787,1.101875901222229
adv,7800,882.6047973632812,0.06705012172460556,1.4883780479431152,0.000243188624153845,1.1038368940353394
adv,8000,881.911865234375,0.06755485385656357,1.5200650691986084,0.00023503685952164233,1.0994818210601807
adv,8200,882.094970703125,0.06745130568742752,1.5584044456481934,0.00024443285656161606,1.098660945892334
adv,8400,881.8698120117188,0.06775547564029694,1.5942435264587402,0.0003201655053999275,1.0984668731689453
adv,8600,881.3765258789062,0.06745090335607529,1.631452202796936,0.000295447651296854,1.096481204032898
adv,8800,882.3112182617188,0.06716248393058777,1.672243595123291,0.00041504038381390274,1.0989032983779907
adv,9000,886.1918334960938,0.06768755614757538,1.8410305976867676,0.00031480996403843164,1.1063793897628784
adv,9200,882.5291137695312,0.06708989292383194,1.761932373046875,0.00030133643303997815,1.0967185497283936
adv,9400,882.0709228515625,0.06746138632297516,1.7872298955917358,0.00026847480330616236,1.0967844724655151
adv,9600,881.5869750976562,0.06774032860994339,1.822027325630188,0.0002209713275078684,1.0946344137191772
adv,9800,881.78662109375,0.06802602112293243,1.8624435663223267,0.00024139955348800868,1.0956480503082275
adv,10000,881.4695434570312,0.06789171695709229,1.8979374170303345,0.0002735550224315375,1.0917766094207764
adv,10200,881.7865600585938,0.06744784116744995,1.9811168909072876,0.0002280578773934394,1.093155026435852
adv,10400,883.7857055664062,0.06785529851913452,1.978581190109253,0.0003724163107108325,1.0980966091156006
adv,10600,881.9180297851562,0.06783720850944519,2.012547016143799,0.00028304161969572306,1.095414638519287
adv,10800,882.0546875,0.0678694099187851,2.049103260040283,0.0002630893141031265,1.0902742147445679
adv,11000,881.4950561523438,0.06765547394752502,2.084667682647705,0.00027831943589262664,1.0896695852279663
adv,11200,883.2416381835938,0.0678858608007431,2.1250061988830566,0.00029716265271417797,1.0948235988616943
adv,11400,881.7388916015625,0.06758610904216766,2.160339832305908,0.0003726437280420214,1.0883190631866455
adv,11600,882.3294067382812,0.06800969690084457,2.1998891830444336,0.0002398394572082907,1.0897806882858276
adv,11800,882.8948974609375,0.06693575531244278,2.2430686950683594,0.00016410821990575641,1.0939973592758179
adv,12000,882.5750122070312,0.0676061138510704,2.289295196533203,0.0002659028978087008,1.090695858001709
adv,12200,882.6085815429688,0.06723013520240784,2.3252060413360596,0.0003013869281858206,1.0911939144134521
adv,12400,882.4779052734375,0.0678592324256897,2.3448047637939453,0.00029175501549616456,1.0853431224822998
adv,12600,881.7179565429688,0.0679146945476532,2.397726058959961,0.0002887674199882895,1.0845892429351807
adv,12800,881.38427734375,0.06762848049402237,2.423330783843994,0.00025017085135914385,1.084122657775879
adv,13000,881.9303588867188,0.06762433052062988,2.458178997039795,0.00021216990717221051,1.0861315727233887
adv,13200,881.4464111328125,0.06804727017879486,2.4966070652008057,0.0002501893904991448,1.0841138362884521
adv,13400,881.7161254882812,0.06796883046627045,2.5420455932617188,0.00028481133631430566,1.0835109949111938
adv,13600,882.4330444335938,0.06837183237075806,2.585935115814209,0.00027230437262915075,1.0862452983856201
adv,13800,882.6080322265625,0.06810411065816879,2.6407318115234375,0.0002583717869129032,1.0846083164215088
adv,14000,881.8729858398438,0.06772986799478531,2.645256757736206,0.00021518793073482811,1.083123803138733
adv,14200,882.6801147460938,0.0679330974817276,2.6950604915618896,0.0003570201515685767,1.0837056636810303
adv,14400,881.8146362304688,0.06755121797323227,2.7234957218170166,0.00023813940060790628,1.0829576253890991
adv,14600,881.4820556640625,0.06785297393798828,2.7591073513031006,0.00026206375332549214,1.0809423923492432
adv,14800,882.229736328125,0.0674406886100769,2.802856922149658,0.0002329715498490259,1.0865691900253296
adv,15000,881.2431030273438,0.06760352104902267,2.8338937759399414,0.0002596760168671608,1.0786991119384766
adv,15200,881.622802734375,0.06773477792739868,2.870922803878784,0.0002531140926294029,1.080533504486084
adv,15400,881.3178100585938,0.06769252568483353,2.9055936336517334,0.0002669879759196192,1.0784902572631836
adv,15600,882.4637451171875,0.06764344871044159,2.962395191192627,0.00027260580100119114,1.0875223875045776
adv,15800,882.2777099609375,0.06775424629449844,2.9863815307617188,0.00021816932712681592,1.0800468921661377
adv,16000,881.584716796875,0.06781421601772308,3.017240285873413,0.00023969114408828318,1.0771781206130981
adv,16200,884.1976318359375,0.0681673213839531,3.231337785720825,0.00022178752988111228,1.0952872037887573
adv,16400,882.1232299804688,0.06753134727478027,3.0974478721618652,0.0002649384259711951,1.0841889381408691
adv,16600,881.8436889648438,0.06795059889554977,3.301886796951294,0.00030342754325829446,1.0784590244293213
adv,16800,881.16357421875,0.06762177497148514,3.172179937362671,0.00023143342696130276,1.075346827507019
adv,17000,882.5743408203125,0.06746698170900345,3.2160003185272217,0.0002534867380745709,1.0817734003067017
adv,17200,883.0347900390625,0.06808160245418549,3.2613232135772705,0.00023470023006666452,1.0887941122055054
adv,17400,882.1359252929688,0.06781821697950363,3.2969367504119873,0.00033347218413837254,1.078360915184021
adv,17600,882.7189331054688,0.06728796660900116,3.3359999656677246,0.00025778368581086397,1.0860930681228638
adv,17800,881.6669311523438,0.06788864731788635,3.353318691253662,0.00023875292390584946,1.0761975049972534
adv,18000,881.7926025390625,0.06781347095966339,3.396841287612915,0.00030135191627778113,1.0753575563430786
adv,18200,881.4462890625,0.06760061532258987,3.4327852725982666,0.0001944143295986578,1.0744166374206543
adv,18400,882.4268798828125,0.06790778040885925,3.469878911972046,0.0002567642368376255,1.082533359527588
adv,18600,881.4378051757812,0.06760413944721222,3.5070719718933105,0.00024285480321850628,1.0721232891082764
adv,18800,882.7116088867188,0.06849325448274612,3.5442605018615723,0.00037859342410229146,1.0816041231155396
adv,19000,881.8128051757812,0.06789670139551163,3.577674388885498,0.0002339045749977231,1.076547622680664
adv,19200,881.0498657226562,0.06764356791973114,3.609480381011963,0.00024850989575497806,1.0709021091461182
adv,19400,881.2135620117188,0.06808511167764664,3.655562400817871,0.0002762421208899468,1.0722837448120117
adv,19600,881.4891967773438,0.06802619993686676,3.691909074783325,0.00028452687547542155,1.07326078414917
adv,19800,882.017333984375,0.06796634197235107,3.8190884590148926,0.0002759475028142333,1.0772809982299805
adv,20000,881.1931762695312,0.06775061041116714,3.7613770961761475,0.0003031964006368071,1.0702584981918335
adv,20200,881.4923095703125,0.06754811108112335,3.801851272583008,0.00024261297949124128,1.071053147315979
adv,20400,881.353271484375,0.0676627829670906,3.839245319366455,0.00019893790886271745,1.0704638957977295
adv,20600,880.9613647460938,0.06779300421476364,3.869961738586426,0.00024941060109995306,1.0684622526168823
adv,20800,882.1039428710938,0.06768301129341125,3.918595314025879,0.00031134337768889964,1.0735259056091309
adv,21000,881.900146484375,0.06777384877204895,3.974425792694092,0.00031631693127565086,1.0720386505126953
adv,21200,882.968017578125,0.06786864995956421,4.0327558517456055,0.000277775339782238,1.080488920211792
adv,21400,882.2286987304688,0.06801389157772064,4.080699443817139,0.00029491455643437803,1.0735245943069458
adv,21600,881.6961669921875,0.06793045997619629,4.064552307128906,0.00027826084988191724,1.069897174835205
adv,21800,881.3248901367188,0.06762722879648209,4.094309329986572,0.00027699940255843103,1.0680214166641235
adv,22000,881.2874145507812,0.06771077960729599,4.158477783203125,0.00023589449119754136,1.066222906112671
adv,22200,883.4652709960938,0.06801458448171616,4.172426223754883,0.00022538028133567423,1.0714356899261475
adv,22400,881.852783203125,0.06850229203701019,4.206663131713867,0.00033138072467409074,1.068577766418457
adv,22600,882.5715942382812,0.06743422150611877,4.362199306488037,0.000250973564106971,1.0720473527908325
adv,22800,881.1641235351562,0.06768638640642166,4.276983261108398,0.0002506287128198892,1.0664610862731934
adv,23000,881.458984375,0.06774649024009705,4.317291736602783,0.0002615846460685134,1.0664044618606567
adv,23200,881.5111083984375,0.06789345294237137,4.35368537902832,0.0003525195934344083,1.0693110227584839
adv,23400,881.0120849609375,0.06791393458843231,4.385863304138184,0.000274139252724126,1.0654743909835815
adv,23600,880.9135131835938,0.06782378256320953,4.425422668457031,0.00022870402608532459,1.065521478652954
adv,23800,880.873779296875,0.06762603670358658,4.469232559204102,0.00019780690490733832,1.065581202507019
adv,24000,883.1659545898438,0.06837346404790878,4.527005672454834,0.00037137276376597583,1.0761661529541016
adv,24200,882.1162109375,0.06804832071065903,4.771639823913574,0.0002812824386637658,1.0718438625335693
adv,24400,881.3403930664062,0.06800410896539688,4.585048675537109,0.0002928047615569085,1.0701308250427246
adv,24600,882.0548706054688,0.06753402948379517,4.610067844390869,0.00026513004559092224,1.067295789718628
adv,24800,881.7516479492188,0.06768632680177689,4.668933391571045,0.00020258198492228985,1.0710415840148926
adv,25000,881.1754150390625,0.06763361394405365,4.687652587890625,0.00030468031764030457,1.0667277574539185
adv,25200,880.9676513671875,0.06818979233503342,4.719807147979736,0.00024493897217325866,1.0640699863433838
adv,25400,880.8551635742188,0.06765316426753998,4.776217460632324,0.00023327946837525815,1.0628477334976196
adv,25600,881.7090454101562,0.06796543300151825,4.852263450622559,0.00027976318961009383,1.0686581134796143
adv,25800,880.8582153320312,0.0679059624671936,4.823761940002441,0.00024614034919068217,1.063396692276001
adv,26000,880.8502197265625,0.06789717078208923,4.8739094734191895,0.00022626121062785387,1.0649664402008057
adv,26200,880.7965087890625,0.06757920235395432,4.908252716064453,0.0002109753986587748,1.0630210638046265
adv,26400,880.9664306640625,0.06785973906517029,4.951858997344971,0.0003007083432748914,1.0645360946655273
adv,26600,880.9561157226562,0.06761880218982697,4.981854438781738,0.0001791262620827183,1.0641040802001953
adv,26800,880.5869750976562,0.0678221732378006,5.057831287384033,0.00022484046348836273,1.0630310773849487
adv,27000,881.5755004882812,0.0683283880352974,5.044610023498535,0.00030690079438500106,1.0669825077056885
adv,27200,880.6300659179688,0.06792967766523361,5.080420970916748,0.0002785769756883383,1.0627158880233765
adv,27400,882.142578125,0.06796272844076157,5.168632984161377,0.0003607751277741045,1.0716310739517212
adv,27600,881.72119140625,0.06842341274023056,5.1748504638671875,0.0002450413885526359,1.065321445465088
adv,27800,880.7666015625,0.06776124984025955,5.203688621520996,0.0002869458112400025,1.0621397495269775
adv,28000,880.4720458984375,0.06825198233127594,5.227187633514404,0.00022604191326536238,1.0596410036087036
adv,28200,881.5238647460938,0.06799323856830597,5.264603614807129,0.0003823353908956051,1.0666062831878662
adv,28400,881.8553466796875,0.06775128096342087,5.306065082550049,0.00042378861689940095,1.0745874643325806
adv,28600,881.9260864257812,0.06769556552171707,5.372137069702148,0.00016159155347850174,1.070911169052124
adv,28800,881.6190795898438,0.06812170147895813,5.601534843444824,0.0002480983384884894,1.063908576965332
adv,29000,881.1642456054688,0.06806846708059311,5.42177152633667,0.0002843581314664334,1.0643893480300903
adv,29200,881.3569946289062,0.06778037548065186,5.453848838806152,0.00021333475888241082,1.0738576650619507
adv,29400,882.5759887695312,0.06734402477741241,5.511191368103027,0.00013586993736680597,1.0754722356796265
adv,29600,881.2406005859375,0.0679137259721756,5.577198505401611,0.00028011747053824365,1.0625128746032715
adv,29800,881.80224609375,0.06780293583869934,5.562528133392334,0.00026313852868042886,1.0691723823547363
adv,30000,883.8086547851562,0.06736549735069275,5.6536078453063965,0.0001890200946945697,1.0757042169570923
adv,30200,881.1761474609375,0.06789742410182953,5.631223678588867,0.0002068002213491127,1.0624555349349976
adv,30400,880.9373779296875,0.06768929213285446,5.667456150054932,0.00027108422364108264,1.0599334239959717
adv,30600,881.209716796875,0.06783441454172134,5.712586879730225,0.00027037187828682363,1.06147301197052
adv,30800,881.09521484375,0.0677432119846344,5.7333455085754395,0.00027759309159591794,1.0603888034820557
adv,31000,880.7389526367188,0.06795991957187653,5.76310396194458,0.0002691918343771249,1.0590428113937378
adv,31200,880.876708984375,0.06768934428691864,5.805604457855225,0.00021886754257138819,1.0619041919708252
adv,31400,880.9962768554688,0.06781050562858582,5.839844703674316,0.00023098754172679037,1.0607558488845825
adv,31600,882.0956420898438,0.06826992332935333,5.899587154388428,0.0002834289916791022,1.0649425983428955
adv,31800,880.9478759765625,0.06808240711688995,5.933912754058838,0.0002566611801739782,1.0606541633605957
