stage,step,nb,kl
pre,0,3628.1533203125,7.737570558674634e-05
pre,200,1233.093017578125,0.21935710310935974
pre,400,1192.170166015625,0.20730292797088623
pre,600,1169.3345947265625,0.1747322976589203
pre,800,1153.9185791015625,0.14848829805850983
pre,1000,1142.20361328125,0.1317136138677597
pre,1200,1130.908203125,0.11903706192970276
pre,1400,1118.868896484375,0.1100587546825409
pre,1600,1108.5621337890625,0.10409212112426758
pre,1800,1096.8121337890625,0.09771728515625
pre,2000,1087.2882080078125,0.09179852902889252
pre,2200,1079.60791015625,0.09397406131029129
pre,2400,1072.2802734375,0.08926601707935333
pre,2600,1066.24609375,0.08846162259578705
pre,2800,1061.3089599609375,0.08832760155200958
pre,3000,1057.8902587890625,0.08728870004415512
pre,3200,1053.7183837890625,0.08893422037363052
pre,3400,1050.9541015625,0.08802500367164612
pre,3600,1048.0445556640625,0.0871950089931488
pre,3800,1045.87109375,0.08706644177436829
pre,4000,1043.9698486328125,0.08644671738147736
pre,4200,1042.1483154296875,0.08853405714035034
pre,4400,1040.7628173828125,0.08634829521179199
pre,4600,1040.5472412109375,0.08703401684761047
pre,4800,1038.27734375,0.08655653893947601
pre,5000,1038.349609375,0.08600544929504395
pre,5200,1036.59716796875,0.08662539720535278
pre,5400,1035.5172119140625,0.08518430590629578
pre,5600,1034.5653076171875,0.08634874224662781
pre,5800,1034.3695068359375,0.08705214411020279
pre,6000,1032.8125,0.08647270500659943
pre,6200,1032.5889892578125,0.08527903258800507
pre,6400,1033.2093505859375,0.08592525124549866
pre,6600,1033.1724853515625,0.08375310152769089
pre,6800,1031.3243408203125,0.08693374693393707
pre,7000,1031.7799072265625,0.08322644978761673
pre,7200,1030.686767578125,0.08478280156850815
pre,7400,1030.2200927734375,0.08676905930042267
pre,7600,1030.215576171875,0.08551356941461563
pre,7800,1029.79296875,0.08580227941274643
