split,fate,gene,auroc_fatevae_zf,auroc_hvg_pca30
0,A8,abd-A,0.7772270460616355,0.6552993956563722
0,A9p1,btl,0.5832443716362163,0.8371428314498658
0,A9p2,bnl,0.8527364907667486,0.8664893466314778
0,A10,cad,0.8781946761249697,0.8907312282683097
1,A8,tsh,0.6547490547335714,0.7894426033094463
1,A9p1,Abd-B,0.7924926870850051,0.7408080505572738
1,A9p2,en,0.8034200070453525,0.7478724362301956
1,A10,Dll,0.892564354618853,0.9199282308288735
2,A9p1,hh,0.9120171680023631,0.7491481473551201
2,A9p2,Delta,0.5866280423609986,0.8101164273600713
3,A9p1,Dr,0.9188423645320196,0.7970645672061928
3,A9p2,dac,0.7330120481927711,0.8253691689836268
4,A9p1,dpp,0.762505552623463,0.8298833713056115
4,A9p2,hh,0.8962200567564513,0.7491481473551201
